doc_id,condition,dimension,kind,lang,blur_radius_px,rel_scale,out_w,out_h,short_side_px,long_side_px,total_px,sharpness_varlap,sharpness_ratio,cer,wer,delta_cer,content_precision,content_recall,content_f1,empty_failure,silent_failure,doc_failure,exact,near_exact,gt_chars,ocr_chars
invoice_cs_01,baseline,baseline,invoice,cs,0.0,1.0,1700,2200,1700,2200,3740000,1256.9894,1.0,0.2443,0.2759,0.0,1.0,1.0,1.0,0,0,0,0,0,616,610
invoice_cs_02,baseline,baseline,invoice,cs,0.0,1.0,1500,2000,1500,2000,3000000,1312.7622,1.0,0.0,0.0,0.0,1.0,1.0,1.0,0,0,0,1,1,584,578
invoice_cs_03,baseline,baseline,invoice,cs,0.0,1.0,1900,2500,1900,2500,4750000,959.1264,1.0,0.447,0.4839,0.0,1.0,1.0,1.0,0,1,1,0,0,449,443
invoice_cs_04,baseline,baseline,invoice,cs,0.0,1.0,1600,2350,1600,2350,3760000,1351.3819,1.0,0.1063,0.0779,0.0,1.0,1.0,1.0,0,0,0,0,0,542,536
invoice_cs_05,baseline,baseline,invoice,cs,0.0,1.0,1700,2200,1700,2200,3740000,1014.1807,1.0,0.1303,0.1613,0.0,1.0,1.0,1.0,0,0,0,0,0,428,422
invoice_cs_06,baseline,baseline,invoice,cs,0.0,1.0,1500,2000,1500,2000,3000000,1176.2779,1.0,0.2321,0.2716,0.0,1.0,1.0,1.0,0,0,0,0,0,566,560
invoice_en_01,baseline,baseline,invoice,en,0.0,1.0,1600,2350,1600,2350,3760000,1543.6069,1.0,0.0015,0.0102,0.0,0.9898,0.9898,0.9898,0,0,0,0,1,653,646
invoice_en_02,baseline,baseline,invoice,en,0.0,1.0,1700,2200,1700,2200,3740000,1606.3192,1.0,0.0563,0.0494,0.0,1.0,1.0,1.0,0,0,0,0,0,539,533
invoice_en_03,baseline,baseline,invoice,en,0.0,1.0,1500,2000,1500,2000,3000000,1502.3437,1.0,0.0,0.0,0.0,1.0,1.0,1.0,0,0,0,1,1,601,595
invoice_en_04,baseline,baseline,invoice,en,0.0,1.0,1900,2500,1900,2500,4750000,831.6933,1.0,0.0,0.0,0.0,1.0,1.0,1.0,0,0,0,1,1,514,508
invoice_en_05,baseline,baseline,invoice,en,0.0,1.0,1600,2350,1600,2350,3760000,1240.5098,1.0,0.1043,0.1136,0.0,1.0,1.0,1.0,0,0,0,0,0,581,575
invoice_en_06,baseline,baseline,invoice,en,0.0,1.0,1700,2200,1700,2200,3740000,1384.9286,1.0,0.1391,0.1609,0.0,1.0,1.0,1.0,0,0,0,0,0,574,568
invoice_en_07,baseline,baseline,invoice,en,0.0,1.0,1500,2000,1500,2000,3000000,1622.4123,1.0,0.0,0.0,0.0,1.0,1.0,1.0,0,0,0,1,1,651,645
invoice_en_08,baseline,baseline,invoice,en,0.0,1.0,1900,2500,1900,2500,4750000,1126.6779,1.0,0.0,0.0,0.0,1.0,1.0,1.0,0,0,0,1,1,612,606
invoice_en_09,baseline,baseline,invoice,en,0.0,1.0,1600,2350,1600,2350,3760000,1017.8352,1.0,0.0022,0.0141,0.0,0.9859,0.9859,0.9859,0,0,0,0,1,470,463
mixed_cs_01,baseline,baseline,mixed,cs,0.0,1.0,1600,2350,1600,2350,3760000,1410.5914,1.0,0.0035,0.0238,0.0,0.9762,0.9762,0.9762,0,0,0,0,1,577,577
mixed_cs_02,baseline,baseline,mixed,cs,0.0,1.0,1700,2200,1700,2200,3740000,1659.2029,1.0,0.2419,0.2128,0.0,1.0,1.0,1.0,0,0,0,0,0,616,616
mixed_cs_03,baseline,baseline,mixed,cs,0.0,1.0,1500,2000,1500,2000,3000000,2517.0494,1.0,0.0,0.0,0.0,1.0,1.0,1.0,0,0,0,1,1,871,871
mixed_cs_04,baseline,baseline,mixed,cs,0.0,1.0,1900,2500,1900,2500,4750000,1182.1089,1.0,0.1484,0.1597,0.0,1.0,1.0,1.0,0,0,0,0,0,775,775
mixed_cs_05,baseline,baseline,mixed,cs,0.0,1.0,1600,2350,1600,2350,3760000,1384.5138,1.0,0.0,0.0,0.0,1.0,1.0,1.0,0,0,0,1,1,669,669
mixed_cs_06,baseline,baseline,mixed,cs,0.0,1.0,1700,2200,1700,2200,3740000,2187.5427,1.0,0.0,0.0,0.0,1.0,1.0,1.0,0,0,0,1,1,868,868
mixed_en_01,baseline,baseline,mixed,en,0.0,1.0,1900,2500,1900,2500,4750000,1075.629,1.0,0.0213,0.0317,0.0,1.0,1.0,1.0,0,0,0,0,0,751,751
mixed_en_02,baseline,baseline,mixed,en,0.0,1.0,1600,2350,1600,2350,3760000,1540.4235,1.0,0.0,0.0,0.0,1.0,1.0,1.0,0,0,0,1,1,682,682
mixed_en_03,baseline,baseline,mixed,en,0.0,1.0,1700,2200,1700,2200,3740000,1156.2363,1.0,0.1865,0.2328,0.0,1.0,1.0,1.0,0,0,0,0,0,740,740
mixed_en_04,baseline,baseline,mixed,en,0.0,1.0,1500,2000,1500,2000,3000000,1521.8541,1.0,0.0,0.0,0.0,1.0,1.0,1.0,0,0,0,1,1,661,661
mixed_en_05,baseline,baseline,mixed,en,0.0,1.0,1900,2500,1900,2500,4750000,1327.9414,1.0,0.1893,0.1986,0.0,1.0,1.0,1.0,0,0,0,0,0,882,882
mixed_en_06,baseline,baseline,mixed,en,0.0,1.0,1600,2350,1600,2350,3760000,1180.3465,1.0,0.0,0.0,0.0,1.0,1.0,1.0,0,0,0,1,1,619,619
mixed_en_07,baseline,baseline,mixed,en,0.0,1.0,1700,2200,1700,2200,3740000,1536.9914,1.0,0.0,0.0,0.0,1.0,1.0,1.0,0,0,0,1,1,802,802
mixed_en_08,baseline,baseline,mixed,en,0.0,1.0,1500,2000,1500,2000,3000000,1415.4822,1.0,0.1439,0.1538,0.0,1.0,1.0,1.0,0,0,0,0,0,431,431
mixed_en_09,baseline,baseline,mixed,en,0.0,1.0,1900,2500,1900,2500,4750000,1584.8176,1.0,0.1196,0.1,0.0,1.0,1.0,1.0,0,0,0,0,0,920,920
prose_cs_01,baseline,baseline,prose,cs,0.0,1.0,1900,2500,1900,2500,4750000,2707.6823,1.0,0.0,0.0,0.0,1.0,1.0,1.0,0,0,0,1,1,1864,1864
prose_cs_02,baseline,baseline,prose,cs,0.0,1.0,1600,2350,1600,2350,3760000,3899.5242,1.0,0.0,0.0,0.0,1.0,1.0,1.0,0,0,0,1,1,2206,2206
prose_cs_03,baseline,baseline,prose,cs,0.0,1.0,1700,2200,1700,2200,3740000,3369.6017,1.0,0.0,0.0,0.0,1.0,1.0,1.0,0,0,0,1,1,1709,1709
prose_cs_04,baseline,baseline,prose,cs,0.0,1.0,1500,2000,1500,2000,3000000,1369.9758,1.0,0.0,0.0,0.0,1.0,1.0,1.0,0,0,0,1,1,602,602
prose_cs_05,baseline,baseline,prose,cs,0.0,1.0,1900,2500,1900,2500,4750000,5980.2565,1.0,0.0,0.0,0.0,1.0,1.0,1.0,0,0,0,1,1,5011,5011
prose_cs_06,baseline,baseline,prose,cs,0.0,1.0,1600,2350,1600,2350,3760000,2776.7446,1.0,0.0,0.0,0.0,1.0,1.0,1.0,0,0,0,1,1,1104,1104
prose_en_01,baseline,baseline,prose,en,0.0,1.0,1500,2000,1500,2000,3000000,3426.5198,1.0,0.0,0.0,0.0,1.0,1.0,1.0,0,0,0,1,1,972,972
prose_en_02,baseline,baseline,prose,en,0.0,1.0,1900,2500,1900,2500,4750000,7077.184,1.0,0.0,0.0,0.0,1.0,1.0,1.0,0,0,0,1,1,4649,4649
prose_en_03,baseline,baseline,prose,en,0.0,1.0,1600,2350,1600,2350,3760000,7179.4202,1.0,0.0,0.0,0.0,1.0,1.0,1.0,0,0,0,1,1,4550,4550
prose_en_04,baseline,baseline,prose,en,0.0,1.0,1700,2200,1700,2200,3740000,2604.0343,1.0,0.0,0.0,0.0,1.0,1.0,1.0,0,0,0,1,1,1450,1450
prose_en_05,baseline,baseline,prose,en,0.0,1.0,1500,2000,1500,2000,3000000,2343.9974,1.0,0.0,0.0,0.0,1.0,1.0,1.0,0,0,0,1,1,775,775
prose_en_06,baseline,baseline,prose,en,0.0,1.0,1900,2500,1900,2500,4750000,3531.5596,1.0,0.0,0.0,0.0,1.0,1.0,1.0,0,0,0,1,1,2174,2174
prose_en_07,baseline,baseline,prose,en,0.0,1.0,1600,2350,1600,2350,3760000,3510.4728,1.0,0.0,0.0,0.0,1.0,1.0,1.0,0,0,0,1,1,1923,1923
prose_en_08,baseline,baseline,prose,en,0.0,1.0,1700,2200,1700,2200,3740000,3414.7864,1.0,0.0006,0.0041,0.0,0.9959,0.9959,0.9959,0,0,0,0,1,1606,1607
prose_en_09,baseline,baseline,prose,en,0.0,1.0,1500,2000,1500,2000,3000000,5617.7263,1.0,0.0,0.0,0.0,1.0,1.0,1.0,0,0,0,1,1,1895,1895
table_cs_01,baseline,baseline,table,cs,0.0,1.0,1500,2000,1500,2000,3000000,1670.5337,1.0,0.1207,0.1039,0.0,1.0,1.0,1.0,0,0,0,0,0,489,489
table_cs_02,baseline,baseline,table,cs,0.0,1.0,1900,2500,1900,2500,4750000,720.6472,1.0,0.031,0.037,0.0,1.0,1.0,1.0,0,0,0,0,0,323,323
table_cs_03,baseline,baseline,table,cs,0.0,1.0,1600,2350,1600,2350,3760000,779.2169,1.0,0.3048,0.3396,0.0,1.0,1.0,1.0,0,1,1,0,0,351,351
table_cs_04,baseline,baseline,table,cs,0.0,1.0,1700,2200,1700,2200,3740000,795.654,1.0,0.0767,0.0755,0.0,1.0,1.0,1.0,0,0,0,0,0,287,287
table_cs_05,baseline,baseline,table,cs,0.0,1.0,1500,2000,1500,2000,3000000,1990.3639,1.0,0.0,0.0,0.0,1.0,1.0,1.0,0,0,0,1,1,579,579
table_cs_06,baseline,baseline,table,cs,0.0,1.0,1900,2500,1900,2500,4750000,510.0771,1.0,0.0,0.0,0.0,1.0,1.0,1.0,0,0,0,1,1,207,207
table_en_01,baseline,baseline,table,en,0.0,1.0,1700,2200,1700,2200,3740000,961.2817,1.0,0.0479,0.0317,0.0,1.0,1.0,1.0,0,0,0,0,0,376,376
table_en_02,baseline,baseline,table,en,0.0,1.0,1500,2000,1500,2000,3000000,969.6134,1.0,0.0,0.0,0.0,1.0,1.0,1.0,0,0,0,1,1,411,411
table_en_03,baseline,baseline,table,en,0.0,1.0,1900,2500,1900,2500,4750000,1031.5863,1.0,0.0,0.0,0.0,1.0,1.0,1.0,0,0,0,1,1,539,539
table_en_04,baseline,baseline,table,en,0.0,1.0,1600,2350,1600,2350,3760000,730.6326,1.0,0.0,0.0,0.0,1.0,1.0,1.0,0,0,0,1,1,265,265
table_en_05,baseline,baseline,table,en,0.0,1.0,1700,2200,1700,2200,3740000,612.0791,1.0,0.6278,0.6667,0.0,1.0,1.0,1.0,0,1,1,0,0,266,266
table_en_06,baseline,baseline,table,en,0.0,1.0,1500,2000,1500,2000,3000000,901.6781,1.0,0.0,0.0,0.0,1.0,1.0,1.0,0,0,0,1,1,319,319
table_en_07,baseline,baseline,table,en,0.0,1.0,1900,2500,1900,2500,4750000,424.4718,1.0,0.2222,0.2381,0.0,1.0,1.0,1.0,0,0,0,0,0,234,234
table_en_08,baseline,baseline,table,en,0.0,1.0,1600,2350,1600,2350,3760000,955.6018,1.0,0.0556,0.0641,0.0,1.0,0.9872,0.9935,0,0,0,0,0,432,430
table_en_09,baseline,baseline,table,en,0.0,1.0,1700,2200,1700,2200,3740000,582.329,1.0,0.0,0.0,0.0,1.0,1.0,1.0,0,0,0,1,1,222,222
invoice_cs_01,blur_2_5,blur,invoice,cs,2.5,,,,,,,3.7804,0.003007,0.6098,0.7241,0.3656,0.9659,0.977,0.9714,0,1,1,0,0,616,614
invoice_cs_02,blur_2_5,blur,invoice,cs,2.5,,,,,,,3.5029,0.002668,0.0052,0.0366,0.0052,0.9639,0.9756,0.9697,0,0,0,0,1,584,579
invoice_cs_03,blur_2_5,blur,invoice,cs,2.5,,,,,,,3.8907,0.004057,0.4492,0.5161,0.0023,0.9683,0.9839,0.976,0,1,1,0,0,449,444
invoice_cs_04,blur_2_5,blur,invoice,cs,2.5,,,,,,,3.3847,0.002505,0.1063,0.0779,0.0,1.0,1.0,1.0,0,0,0,0,0,542,536
invoice_cs_05,blur_2_5,blur,invoice,cs,2.5,,,,,,,3.6753,0.003624,0.1303,0.1613,0.0,1.0,1.0,1.0,0,0,0,0,0,428,422
invoice_cs_06,blur_2_5,blur,invoice,cs,2.5,,,,,,,2.165,0.001841,0.2643,0.358,0.0321,0.939,0.9506,0.9448,0,0,0,0,0,566,561
invoice_en_01,blur_2_5,blur,invoice,en,2.5,,,,,,,6.0758,0.003936,0.0,0.0,-0.0015,1.0,1.0,1.0,0,0,0,1,1,653,647
invoice_en_02,blur_2_5,blur,invoice,en,2.5,,,,,,,5.4103,0.003368,0.0563,0.0494,0.0,1.0,1.0,1.0,0,0,0,0,0,539,533
invoice_en_03,blur_2_5,blur,invoice,en,2.5,,,,,,,2.4818,0.001652,0.0,0.0,0.0,1.0,1.0,1.0,0,0,0,1,1,601,595
invoice_en_04,blur_2_5,blur,invoice,en,2.5,,,,,,,2.6832,0.003226,0.0,0.0,0.0,1.0,1.0,1.0,0,0,0,1,1,514,508
invoice_en_05,blur_2_5,blur,invoice,en,2.5,,,,,,,3.9267,0.003165,0.0,0.0,-0.1043,1.0,1.0,1.0,0,0,0,1,1,581,575
invoice_en_06,blur_2_5,blur,invoice,en,2.5,,,,,,,1.9526,0.00141,0.1954,0.2069,0.0563,1.0,1.0,1.0,0,0,0,0,0,574,568
invoice_en_07,blur_2_5,blur,invoice,en,2.5,,,,,,,2.7047,0.001667,0.0,0.0,0.0,1.0,1.0,1.0,0,0,0,1,1,651,645
invoice_en_08,blur_2_5,blur,invoice,en,2.5,,,,,,,4.2135,0.00374,0.0,0.0,0.0,1.0,1.0,1.0,0,0,0,1,1,612,606
invoice_en_09,blur_2_5,blur,invoice,en,2.5,,,,,,,3.1596,0.003104,0.0647,0.0563,0.0625,1.0,1.0,1.0,0,0,0,0,0,470,464
mixed_cs_01,blur_2_5,blur,mixed,cs,2.5,,,,,,,5.4838,0.003888,0.0,0.0,-0.0035,1.0,1.0,1.0,0,0,0,1,1,577,577
mixed_cs_02,blur_2_5,blur,mixed,cs,2.5,,,,,,,3.978,0.002398,0.2419,0.2128,0.0,1.0,1.0,1.0,0,0,0,0,0,616,616
mixed_cs_03,blur_2_5,blur,mixed,cs,2.5,,,,,,,6.5332,0.002596,0.0011,0.0072,0.0011,0.9928,0.9928,0.9928,0,0,0,0,1,871,871
mixed_cs_04,blur_2_5,blur,mixed,cs,2.5,,,,,,,1.9637,0.001661,0.1535,0.1765,0.0052,0.9748,0.9748,0.9748,0,0,0,0,0,775,775
mixed_cs_05,blur_2_5,blur,mixed,cs,2.5,,,,,,,2.616,0.001889,0.0045,0.0316,0.0045,0.9684,0.9684,0.9684,0,0,0,0,1,669,669
mixed_cs_06,blur_2_5,blur,mixed,cs,2.5,,,,,,,2.4702,0.001129,0.0058,0.0317,0.0058,0.9683,0.9683,0.9683,0,0,0,0,1,868,868
mixed_en_01,blur_2_5,blur,mixed,en,2.5,,,,,,,1.053,0.000979,0.0013,0.0079,-0.02,0.9921,0.9921,0.9921,0,0,0,0,1,751,750
mixed_en_02,blur_2_5,blur,mixed,en,2.5,,,,,,,5.563,0.003611,0.0015,0.0088,0.0015,0.9912,0.9912,0.9912,0,0,0,0,1,682,682
mixed_en_03,blur_2_5,blur,mixed,en,2.5,,,,,,,1.9494,0.001686,0.1865,0.2328,0.0,1.0,1.0,1.0,0,0,0,0,0,740,740
mixed_en_04,blur_2_5,blur,mixed,en,2.5,,,,,,,2.8872,0.001897,0.0015,0.0103,0.0015,0.9897,0.9897,0.9897,0,0,0,0,1,661,661
mixed_en_05,blur_2_5,blur,mixed,en,2.5,,,,,,,1.4194,0.001069,0.1757,0.1915,-0.0136,0.9929,0.9929,0.9929,0,0,0,0,0,882,881
mixed_en_06,blur_2_5,blur,mixed,en,2.5,,,,,,,2.6289,0.002227,0.0,0.0,0.0,1.0,1.0,1.0,0,0,0,1,1,619,619
mixed_en_07,blur_2_5,blur,mixed,en,2.5,,,,,,,4.9688,0.003233,0.0,0.0,0.0,1.0,1.0,1.0,0,0,0,1,1,802,802
mixed_en_08,blur_2_5,blur,mixed,en,2.5,,,,,,,5.8707,0.004148,0.1439,0.1538,0.0,1.0,1.0,1.0,0,0,0,0,0,431,431
mixed_en_09,blur_2_5,blur,mixed,en,2.5,,,,,,,2.9289,0.001848,0.0,0.0,-0.1196,1.0,1.0,1.0,0,0,0,1,1,920,920
prose_cs_01,blur_2_5,blur,prose,cs,2.5,,,,,,,8.5453,0.003156,0.0005,0.0037,0.0005,0.9963,0.9963,0.9963,0,0,0,0,1,1864,1864
prose_cs_02,blur_2_5,blur,prose,cs,2.5,,,,,,,6.5499,0.00168,0.0023,0.0158,0.0023,0.9842,0.9842,0.9842,0,0,0,0,1,2206,2206
prose_cs_03,blur_2_5,blur,prose,cs,2.5,,,,,,,3.7852,0.001123,0.0018,0.0081,0.0018,0.9919,0.9919,0.9919,0,0,0,0,1,1709,1709
prose_cs_04,blur_2_5,blur,prose,cs,2.5,,,,,,,3.9465,0.002881,0.0,0.0,0.0,1.0,1.0,1.0,0,0,0,1,1,602,602
prose_cs_05,blur_2_5,blur,prose,cs,2.5,,,,,,,8.1768,0.001367,0.0024,0.0165,0.0024,0.9835,0.9835,0.9835,0,0,0,0,1,5011,5011
prose_cs_06,blur_2_5,blur,prose,cs,2.5,,,,,,,11.1398,0.004012,0.0009,0.0064,0.0009,0.9936,0.9936,0.9936,0,0,0,0,1,1104,1104
prose_en_01,blur_2_5,blur,prose,en,2.5,,,,,,,11.1629,0.003258,0.0,0.0,0.0,1.0,1.0,1.0,0,0,0,1,1,972,972
prose_en_02,blur_2_5,blur,prose,en,2.5,,,,,,,8.7692,0.001239,0.0,0.0,0.0,1.0,1.0,1.0,0,0,0,1,1,4649,4649
prose_en_03,blur_2_5,blur,prose,en,2.5,,,,,,,8.0036,0.001115,0.0022,0.0086,0.0022,0.9914,0.9914,0.9914,0,0,0,0,1,4550,4540
prose_en_04,blur_2_5,blur,prose,en,2.5,,,,,,,4.9714,0.001909,0.0,0.0,0.0,1.0,1.0,1.0,0,0,0,1,1,1450,1450
prose_en_05,blur_2_5,blur,prose,en,2.5,,,,,,,3.0454,0.001299,0.0,0.0,0.0,1.0,1.0,1.0,0,0,0,1,1,775,775
prose_en_06,blur_2_5,blur,prose,en,2.5,,,,,,,8.865,0.00251,0.0,0.0,0.0,1.0,1.0,1.0,0,0,0,1,1,2174,2174
prose_en_07,blur_2_5,blur,prose,en,2.5,,,,,,,7.9293,0.002259,0.0,0.0,0.0,1.0,1.0,1.0,0,0,0,1,1,1923,1923
prose_en_08,blur_2_5,blur,prose,en,2.5,,,,,,,13.8921,0.004068,0.0,0.0,-0.0006,1.0,1.0,1.0,0,0,0,1,1,1606,1606
prose_en_09,blur_2_5,blur,prose,en,2.5,,,,,,,12.9477,0.002305,0.0,0.0,0.0,1.0,1.0,1.0,0,0,0,1,1,1895,1895
table_cs_01,blur_2_5,blur,table,cs,2.5,,,,,,,2.6275,0.001573,0.0061,0.026,-0.1145,0.974,0.974,0.974,0,0,0,0,1,489,489
table_cs_02,blur_2_5,blur,table,cs,2.5,,,,,,,2.4594,0.003413,0.0372,0.037,0.0062,1.0,1.0,1.0,0,0,0,0,0,323,323
table_cs_03,blur_2_5,blur,table,cs,2.5,,,,,,,1.6214,0.002081,0.3134,0.3585,0.0085,0.9623,0.9623,0.9623,0,1,1,0,0,351,351
table_cs_04,blur_2_5,blur,table,cs,2.5,,,,,,,2.9859,0.003753,0.0,0.0,-0.0767,1.0,1.0,1.0,0,0,0,1,1,287,287
table_cs_05,blur_2_5,blur,table,cs,2.5,,,,,,,5.5197,0.002773,0.0017,0.011,0.0017,0.989,0.989,0.989,0,0,0,0,1,579,579
table_cs_06,blur_2_5,blur,table,cs,2.5,,,,,,,1.7168,0.003366,0.0,0.0,0.0,1.0,1.0,1.0,0,0,0,1,1,207,207
table_en_01,blur_2_5,blur,table,en,2.5,,,,,,,3.6684,0.003816,0.0,0.0,-0.0479,1.0,1.0,1.0,0,0,0,1,1,376,376
table_en_02,blur_2_5,blur,table,en,2.5,,,,,,,2.9433,0.003036,0.0,0.0,0.0,1.0,1.0,1.0,0,0,0,1,1,411,411
table_en_03,blur_2_5,blur,table,en,2.5,,,,,,,3.6382,0.003527,0.0,0.0,0.0,1.0,1.0,1.0,0,0,0,1,1,539,539
table_en_04,blur_2_5,blur,table,en,2.5,,,,,,,2.0082,0.002749,0.0679,0.0465,0.0679,1.0,1.0,1.0,0,0,0,0,0,265,265
table_en_05,blur_2_5,blur,table,en,2.5,,,,,,,1.9516,0.003189,0.6278,0.6667,0.0,1.0,1.0,1.0,0,1,1,0,0,266,266
table_en_06,blur_2_5,blur,table,en,2.5,,,,,,,3.8754,0.004298,0.0,0.0,0.0,1.0,1.0,1.0,0,0,0,1,1,319,319
table_en_07,blur_2_5,blur,table,en,2.5,,,,,,,0.9818,0.002313,0.0,0.0,-0.2222,1.0,1.0,1.0,0,0,0,1,1,234,234
table_en_08,blur_2_5,blur,table,en,2.5,,,,,,,1.7602,0.001842,0.0,0.0,-0.0556,1.0,1.0,1.0,0,0,0,1,1,432,432
table_en_09,blur_2_5,blur,table,en,2.5,,,,,,,2.0257,0.003479,0.2117,0.2162,0.2117,1.0,1.0,1.0,0,0,0,0,0,222,222
invoice_cs_01,blur_3_0,blur,invoice,cs,3.0,,,,,,,1.6331,0.001299,0.3475,0.4368,0.1033,0.9432,0.954,0.9486,0,1,1,0,0,616,611
invoice_cs_02,blur_3_0,blur,invoice,cs,3.0,,,,,,,1.4794,0.001127,0.0104,0.061,0.0104,0.9398,0.9512,0.9455,0,0,0,0,1,584,579
invoice_cs_03,blur_3_0,blur,invoice,cs,3.0,,,,,,,1.7819,0.001858,0.4515,0.5,0.0045,0.9839,0.9839,0.9839,0,1,1,0,0,449,443
invoice_cs_04,blur_3_0,blur,invoice,cs,3.0,,,,,,,1.4398,0.001065,0.1082,0.1039,0.0019,0.9615,0.974,0.9677,0,0,0,0,0,542,537
invoice_cs_05,blur_3_0,blur,invoice,cs,3.0,,,,,,,1.6452,0.001622,0.2536,0.3548,0.1232,0.9375,0.9677,0.9524,0,0,0,0,0,428,427
invoice_cs_06,blur_3_0,blur,invoice,cs,3.0,,,,,,,0.9584,0.000815,0.2589,0.3951,0.0268,0.8765,0.8765,0.8765,0,0,0,0,0,566,556
invoice_en_01,blur_3_0,blur,invoice,en,3.0,,,,,,,2.7288,0.001768,0.0,0.0,-0.0015,1.0,1.0,1.0,0,0,0,1,1,653,647
invoice_en_02,blur_3_0,blur,invoice,en,3.0,,,,,,,2.5144,0.001565,0.0563,0.0494,0.0,1.0,1.0,1.0,0,0,0,0,0,539,533
invoice_en_03,blur_3_0,blur,invoice,en,3.0,,,,,,,1.0434,0.000695,0.0,0.0,0.0,1.0,1.0,1.0,0,0,0,1,1,601,595
invoice_en_04,blur_3_0,blur,invoice,en,3.0,,,,,,,1.1259,0.001354,0.0709,0.0769,0.0709,1.0,1.0,1.0,0,0,0,0,0,514,508
invoice_en_05,blur_3_0,blur,invoice,en,3.0,,,,,,,1.7146,0.001382,0.0,0.0,-0.1043,1.0,1.0,1.0,0,0,0,1,1,581,575
invoice_en_06,blur_3_0,blur,invoice,en,3.0,,,,,,,0.8353,0.000603,0.1972,0.2184,0.0581,0.9885,0.9885,0.9885,0,0,0,0,0,574,567
invoice_en_07,blur_3_0,blur,invoice,en,3.0,,,,,,,1.1332,0.000698,0.0,0.0,0.0,1.0,1.0,1.0,0,0,0,1,1,651,645
invoice_en_08,blur_3_0,blur,invoice,en,3.0,,,,,,,1.7967,0.001595,0.0,0.0,0.0,1.0,1.0,1.0,0,0,0,1,1,612,606
invoice_en_09,blur_3_0,blur,invoice,en,3.0,,,,,,,1.373,0.001349,0.1293,0.1127,0.1272,1.0,1.0,1.0,0,0,0,0,0,470,464
mixed_cs_01,blur_3_0,blur,mixed,cs,3.0,,,,,,,2.4856,0.001762,0.0035,0.0238,0.0,0.9762,0.9762,0.9762,0,0,0,0,1,577,577
mixed_cs_02,blur_3_0,blur,mixed,cs,3.0,,,,,,,1.6537,0.000997,0.2419,0.2234,0.0,0.9787,0.9787,0.9787,0,0,0,0,0,616,616
mixed_cs_03,blur_3_0,blur,mixed,cs,3.0,,,,,,,2.636,0.001047,0.0046,0.0217,0.0046,0.9783,0.9783,0.9783,0,0,0,0,1,871,871
mixed_cs_04,blur_3_0,blur,mixed,cs,3.0,,,,,,,0.8068,0.000683,0.1677,0.2773,0.0194,0.8487,0.8487,0.8487,0,0,0,0,0,775,771
mixed_cs_05,blur_3_0,blur,mixed,cs,3.0,,,,,,,1.111,0.000802,0.0239,0.1053,0.0239,0.8947,0.8947,0.8947,0,0,0,0,0,669,669
mixed_cs_06,blur_3_0,blur,mixed,cs,3.0,,,,,,,1.0032,0.000459,0.023,0.127,0.023,0.873,0.873,0.873,0,0,0,0,0,868,867
mixed_en_01,blur_3_0,blur,mixed,en,3.0,,,,,,,0.4892,0.000455,0.0599,0.1349,0.0386,0.9397,0.8651,0.9008,0,0,0,0,0,751,709
mixed_en_02,blur_3_0,blur,mixed,en,3.0,,,,,,,2.4274,0.001576,0.0015,0.0088,0.0015,0.9912,0.9912,0.9912,0,0,0,0,1,682,682
mixed_en_03,blur_3_0,blur,mixed,en,3.0,,,,,,,0.847,0.000733,0.1919,0.2586,0.0054,0.9741,0.9741,0.9741,0,0,0,0,0,740,736
mixed_en_04,blur_3_0,blur,mixed,en,3.0,,,,,,,1.3089,0.00086,0.003,0.0206,0.003,0.9794,0.9794,0.9794,0,0,0,0,1,661,661
mixed_en_05,blur_3_0,blur,mixed,en,3.0,,,,,,,0.6285,0.000473,0.1655,0.2128,-0.0238,0.9638,0.9433,0.9534,0,0,0,0,0,882,866
mixed_en_06,blur_3_0,blur,mixed,en,3.0,,,,,,,1.0938,0.000927,0.0,0.0,0.0,1.0,1.0,1.0,0,0,0,1,1,619,619
mixed_en_07,blur_3_0,blur,mixed,en,3.0,,,,,,,2.038,0.001326,0.0,0.0,0.0,1.0,1.0,1.0,0,0,0,1,1,802,802
mixed_en_08,blur_3_0,blur,mixed,en,3.0,,,,,,,2.6854,0.001897,0.1439,0.1538,0.0,1.0,1.0,1.0,0,0,0,0,0,431,431
mixed_en_09,blur_3_0,blur,mixed,en,3.0,,,,,,,1.182,0.000746,0.1196,0.1,0.0,1.0,1.0,1.0,0,0,0,0,0,920,920
prose_cs_01,blur_3_0,blur,prose,cs,3.0,,,,,,,3.4195,0.001263,0.0,0.0,0.0,1.0,1.0,1.0,0,0,0,1,1,1864,1864
prose_cs_02,blur_3_0,blur,prose,cs,3.0,,,,,,,2.8647,0.000735,0.0095,0.0633,0.0095,0.9367,0.9367,0.9367,0,0,0,0,1,2206,2206
prose_cs_03,blur_3_0,blur,prose,cs,3.0,,,,,,,1.5742,0.000467,0.0193,0.1179,0.0193,0.8821,0.8821,0.8821,0,0,0,0,1,1709,1700
prose_cs_04,blur_3_0,blur,prose,cs,3.0,,,,,,,1.6567,0.001209,0.0083,0.0488,0.0083,0.9512,0.9512,0.9512,0,0,0,0,1,602,602
prose_cs_05,blur_3_0,blur,prose,cs,3.0,,,,,,,3.4683,0.00058,0.0275,0.1501,0.0275,0.8522,0.8499,0.851,0,0,0,0,0,5011,4975
prose_cs_06,blur_3_0,blur,prose,cs,3.0,,,,,,,5.0235,0.001809,0.0036,0.0255,0.0036,0.9745,0.9745,0.9745,0,0,0,0,1,1104,1104
prose_en_01,blur_3_0,blur,prose,en,3.0,,,,,,,4.9751,0.001452,0.0,0.0,0.0,1.0,1.0,1.0,0,0,0,1,1,972,972
prose_en_02,blur_3_0,blur,prose,en,3.0,,,,,,,3.567,0.000504,0.0006,0.0042,0.0006,0.9958,0.9958,0.9958,0,0,0,0,1,4649,4646
prose_en_03,blur_3_0,blur,prose,en,3.0,,,,,,,3.6317,0.000506,0.0068,0.0387,0.0068,0.9613,0.9613,0.9613,0,0,0,0,1,4550,4520
prose_en_04,blur_3_0,blur,prose,en,3.0,,,,,,,2.1557,0.000828,0.0,0.0,0.0,1.0,1.0,1.0,0,0,0,1,1,1450,1450
prose_en_05,blur_3_0,blur,prose,en,3.0,,,,,,,1.1947,0.00051,0.0,0.0,0.0,1.0,1.0,1.0,0,0,0,1,1,775,775
prose_en_06,blur_3_0,blur,prose,en,3.0,,,,,,,3.477,0.000985,0.0,0.0,0.0,1.0,1.0,1.0,0,0,0,1,1,2174,2174
prose_en_07,blur_3_0,blur,prose,en,3.0,,,,,,,3.0892,0.00088,0.0,0.0,0.0,1.0,1.0,1.0,0,0,0,1,1,1923,1923
prose_en_08,blur_3_0,blur,prose,en,3.0,,,,,,,6.2298,0.001824,0.0,0.0,-0.0006,1.0,1.0,1.0,0,0,0,1,1,1606,1606
prose_en_09,blur_3_0,blur,prose,en,3.0,,,,,,,5.3111,0.000945,0.0,0.0,0.0,1.0,1.0,1.0,0,0,0,1,1,1895,1895
table_cs_01,blur_3_0,blur,table,cs,3.0,,,,,,,1.1137,0.000667,0.0082,0.039,-0.1125,0.961,0.961,0.961,0,0,0,0,1,489,489
table_cs_02,blur_3_0,blur,table,cs,3.0,,,,,,,1.1254,0.001562,0.0341,0.0556,0.0031,0.9815,0.9815,0.9815,0,0,0,0,0,323,323
table_cs_03,blur_3_0,blur,table,cs,3.0,,,,,,,0.6627,0.000851,0.3305,0.4151,0.0256,0.8868,0.8868,0.8868,0,1,1,0,0,351,351
table_cs_04,blur_3_0,blur,table,cs,3.0,,,,,,,1.3229,0.001663,0.0,0.0,-0.0767,1.0,1.0,1.0,0,0,0,1,1,287,287
table_cs_05,blur_3_0,blur,table,cs,3.0,,,,,,,2.4534,0.001233,0.0017,0.011,0.0017,0.989,0.989,0.989,0,0,0,0,1,579,579
table_cs_06,blur_3_0,blur,table,cs,3.0,,,,,,,0.777,0.001523,0.0,0.0,0.0,1.0,1.0,1.0,0,0,0,1,1,207,207
table_en_01,blur_3_0,blur,table,en,3.0,,,,,,,1.6781,0.001746,0.0,0.0,-0.0479,1.0,1.0,1.0,0,0,0,1,1,376,376
table_en_02,blur_3_0,blur,table,en,3.0,,,,,,,1.2306,0.001269,0.0,0.0,0.0,1.0,1.0,1.0,0,0,0,1,1,411,411
table_en_03,blur_3_0,blur,table,en,3.0,,,,,,,1.6016,0.001553,0.0,0.0,0.0,1.0,1.0,1.0,0,0,0,1,1,539,539
table_en_04,blur_3_0,blur,table,en,3.0,,,,,,,0.8741,0.001196,0.0,0.0,0.0,1.0,1.0,1.0,0,0,0,1,1,265,265
table_en_05,blur_3_0,blur,table,en,3.0,,,,,,,0.8751,0.00143,0.6278,0.6667,0.0,1.0,1.0,1.0,0,1,1,0,0,266,266
table_en_06,blur_3_0,blur,table,en,3.0,,,,,,,1.7079,0.001894,0.0,0.0,0.0,1.0,1.0,1.0,0,0,0,1,1,319,319
table_en_07,blur_3_0,blur,table,en,3.0,,,,,,,0.4336,0.001021,0.0,0.0,-0.2222,1.0,1.0,1.0,0,0,0,1,1,234,234
table_en_08,blur_3_0,blur,table,en,3.0,,,,,,,0.7407,0.000775,0.0046,0.0128,-0.0509,1.0,0.9872,0.9935,0,0,0,0,1,432,430
table_en_09,blur_3_0,blur,table,en,3.0,,,,,,,0.9115,0.001565,0.3559,0.3243,0.3559,1.0,1.0,1.0,0,1,1,0,0,222,222
invoice_cs_01,blur_3_5,blur,invoice,cs,3.5,,,,,,,0.8216,0.000654,0.6377,0.8046,0.3934,0.8736,0.8736,0.8736,0,1,1,0,0,616,605
invoice_cs_02,blur_3_5,blur,invoice,cs,3.5,,,,,,,0.7615,0.00058,0.0346,0.1341,0.0346,0.8659,0.8659,0.8659,0,0,0,0,0,584,569
invoice_cs_03,blur_3_5,blur,invoice,cs,3.5,,,,,,,0.8796,0.000917,0.4515,0.5,0.0045,0.9839,0.9839,0.9839,0,1,1,0,0,449,443
invoice_cs_04,blur_3_5,blur,invoice,cs,3.5,,,,,,,0.7042,0.000521,0.6175,0.8312,0.5112,0.7976,0.8701,0.8323,0,1,1,0,0,542,557
invoice_cs_05,blur_3_5,blur,invoice,cs,3.5,,,,,,,0.8026,0.000791,0.2725,0.4032,0.1422,0.9048,0.9194,0.912,0,0,0,0,0,428,424
invoice_cs_06,blur_3_5,blur,invoice,cs,3.5,,,,,,,0.5308,0.000451,0.6232,0.8765,0.3911,0.6,0.5185,0.5563,0,1,1,0,0,566,474
invoice_en_01,blur_3_5,blur,invoice,en,3.5,,,,,,,1.3442,0.000871,0.0,0.0,-0.0015,1.0,1.0,1.0,0,0,0,1,1,653,647
invoice_en_02,blur_3_5,blur,invoice,en,3.5,,,,,,,1.2347,0.000769,0.0563,0.0494,0.0,1.0,1.0,1.0,0,0,0,0,0,539,533
invoice_en_03,blur_3_5,blur,invoice,en,3.5,,,,,,,0.562,0.000374,0.0151,0.0989,0.0151,0.9011,0.9011,0.9011,0,0,0,0,1,601,590
invoice_en_04,blur_3_5,blur,invoice,en,3.5,,,,,,,0.5448,0.000655,0.1496,0.1538,0.1496,1.0,1.0,1.0,0,0,0,0,0,514,508
invoice_en_05,blur_3_5,blur,invoice,en,3.5,,,,,,,0.8477,0.000683,0.0017,0.0114,-0.1026,0.9886,0.9886,0.9886,0,0,0,0,1,581,575
invoice_en_06,blur_3_5,blur,invoice,en,3.5,,,,,,,0.45,0.000325,0.2658,0.3563,0.1268,0.8837,0.8736,0.8786,0,0,0,0,0,574,550
invoice_en_07,blur_3_5,blur,invoice,en,3.5,,,,,,,0.6067,0.000374,0.0093,0.0612,0.0093,0.9388,0.9388,0.9388,0,0,0,0,1,651,639
invoice_en_08,blur_3_5,blur,invoice,en,3.5,,,,,,,0.8423,0.000748,0.0017,0.011,0.0017,0.989,0.989,0.989,0,0,0,0,1,612,607
invoice_en_09,blur_3_5,blur,invoice,en,3.5,,,,,,,0.6801,0.000668,0.0022,0.0141,0.0,0.9859,0.9859,0.9859,0,0,0,0,1,470,464
mixed_cs_01,blur_3_5,blur,mixed,cs,3.5,,,,,,,1.2287,0.000871,0.0156,0.0833,0.0121,0.9167,0.9167,0.9167,0,0,0,0,1,577,577
mixed_cs_02,blur_3_5,blur,mixed,cs,3.5,,,,,,,0.7876,0.000475,0.2419,0.234,0.0,0.9681,0.9681,0.9681,0,0,0,0,0,616,616
mixed_cs_03,blur_3_5,blur,mixed,cs,3.5,,,,,,,1.2498,0.000497,0.0092,0.0435,0.0092,0.9565,0.9565,0.9565,0,0,0,0,1,871,871
mixed_cs_04,blur_3_5,blur,mixed,cs,3.5,,,,,,,0.439,0.000371,0.2697,0.4622,0.1213,0.6609,0.6387,0.6496,0,0,0,0,0,775,706
mixed_cs_05,blur_3_5,blur,mixed,cs,3.5,,,,,,,0.5964,0.000431,0.1016,0.3579,0.1016,0.663,0.6421,0.6524,0,0,0,0,0,669,655
mixed_cs_06,blur_3_5,blur,mixed,cs,3.5,,,,,,,0.5576,0.000255,0.5668,0.6667,0.5668,0.6164,0.3571,0.4523,0,1,1,0,0,868,441
mixed_en_01,blur_3_5,blur,mixed,en,3.5,,,,,,,0.2961,0.000275,0.8455,0.8968,0.8242,0.7083,0.1349,0.2267,0,1,1,0,0,751,129
mixed_en_02,blur_3_5,blur,mixed,en,3.5,,,,,,,1.1558,0.00075,0.0015,0.0088,0.0015,0.9912,0.9912,0.9912,0,0,0,0,1,682,682
mixed_en_03,blur_3_5,blur,mixed,en,3.5,,,,,,,0.476,0.000412,0.3554,0.4483,0.1689,0.9149,0.7414,0.819,0,1,1,0,0,740,595
mixed_en_04,blur_3_5,blur,mixed,en,3.5,,,,,,,0.731,0.00048,0.0106,0.0412,0.0106,0.9688,0.9588,0.9637,0,0,0,0,1,661,657
mixed_en_05,blur_3_5,blur,mixed,en,3.5,,,,,,,0.3695,0.000278,0.8209,0.8652,0.6315,0.75,0.1702,0.2775,0,1,1,0,0,882,192
mixed_en_06,blur_3_5,blur,mixed,en,3.5,,,,,,,0.5638,0.000478,0.0016,0.01,0.0016,0.99,0.99,0.99,0,0,0,0,1,619,618
mixed_en_07,blur_3_5,blur,mixed,en,3.5,,,,,,,0.9823,0.000639,0.0,0.0,0.0,1.0,1.0,1.0,0,0,0,1,1,802,802
mixed_en_08,blur_3_5,blur,mixed,en,3.5,,,,,,,1.33,0.00094,0.1439,0.1538,0.0,1.0,1.0,1.0,0,0,0,0,0,431,431
mixed_en_09,blur_3_5,blur,mixed,en,3.5,,,,,,,0.6066,0.000383,0.0065,0.0429,-0.113,0.9571,0.9571,0.9571,0,0,0,0,1,920,916
prose_cs_01,blur_3_5,blur,prose,cs,3.5,,,,,,,1.6341,0.000604,0.0064,0.0443,0.0064,0.9557,0.9557,0.9557,0,0,0,0,1,1864,1863
prose_cs_02,blur_3_5,blur,prose,cs,3.5,,,,,,,1.6183,0.000415,0.0626,0.2532,0.0626,0.7613,0.7468,0.754,0,0,0,0,0,2206,2156
prose_cs_03,blur_3_5,blur,prose,cs,3.5,,,,,,,0.9073,0.000269,0.3511,0.5285,0.3511,0.602,0.4797,0.5339,0,1,1,0,0,1709,1184
prose_cs_04,blur_3_5,blur,prose,cs,3.5,,,,,,,0.8121,0.000593,0.0216,0.0976,0.0216,0.9024,0.9024,0.9024,0,0,0,0,0,602,600
prose_cs_05,blur_3_5,blur,prose,cs,3.5,,,,,,,2.0179,0.000337,0.2321,0.5041,0.2321,0.5607,0.4959,0.5263,0,0,0,0,0,5011,4090
prose_cs_06,blur_3_5,blur,prose,cs,3.5,,,,,,,2.4627,0.000887,0.0036,0.0255,0.0036,0.9745,0.9745,0.9745,0,0,0,0,1,1104,1104
prose_en_01,blur_3_5,blur,prose,en,3.5,,,,,,,2.3368,0.000682,0.0,0.0,0.0,1.0,1.0,1.0,0,0,0,1,1,972,972
prose_en_02,blur_3_5,blur,prose,en,3.5,,,,,,,2.0146,0.000285,0.0075,0.0336,0.0075,0.9705,0.9664,0.9684,0,0,0,0,1,4649,4617
prose_en_03,blur_3_5,blur,prose,en,3.5,,,,,,,2.2378,0.000312,0.4644,0.5244,0.4644,0.8721,0.4785,0.6179,0,1,1,0,0,4550,2440
prose_en_04,blur_3_5,blur,prose,en,3.5,,,,,,,1.1826,0.000454,0.0,0.0,0.0,1.0,1.0,1.0,0,0,0,1,1,1450,1450
prose_en_05,blur_3_5,blur,prose,en,3.5,,,,,,,0.6273,0.000268,0.0,0.0,0.0,1.0,1.0,1.0,0,0,0,1,1,775,775
prose_en_06,blur_3_5,blur,prose,en,3.5,,,,,,,1.6398,0.000464,0.0,0.0,0.0,1.0,1.0,1.0,0,0,0,1,1,2174,2174
prose_en_07,blur_3_5,blur,prose,en,3.5,,,,,,,1.5512,0.000442,0.0026,0.0138,0.0026,0.9862,0.9862,0.9862,0,0,0,0,1,1923,1919
prose_en_08,blur_3_5,blur,prose,en,3.5,,,,,,,3.0817,0.000902,0.0,0.0,-0.0006,1.0,1.0,1.0,0,0,0,1,1,1606,1606
prose_en_09,blur_3_5,blur,prose,en,3.5,,,,,,,2.5255,0.00045,0.0005,0.0035,0.0005,0.9965,0.9965,0.9965,0,0,0,0,1,1895,1894
table_cs_01,blur_3_5,blur,table,cs,3.5,,,,,,,0.5742,0.000344,0.0532,0.2208,-0.0675,0.7792,0.7792,0.7792,0,0,0,0,0,489,485
table_cs_02,blur_3_5,blur,table,cs,3.5,,,,,,,0.5526,0.000767,0.0124,0.0556,-0.0186,0.9444,0.9444,0.9444,0,0,0,0,1,323,323
table_cs_03,blur_3_5,blur,table,cs,3.5,,,,,,,0.3402,0.000437,0.3989,0.5283,0.094,0.7925,0.7925,0.7925,0,1,1,0,0,351,347
table_cs_04,blur_3_5,blur,table,cs,3.5,,,,,,,0.6381,0.000802,0.007,0.0189,-0.0697,0.9811,0.9811,0.9811,0,0,0,0,1,287,287
table_cs_05,blur_3_5,blur,table,cs,3.5,,,,,,,1.199,0.000602,0.0017,0.011,0.0017,0.989,0.989,0.989,0,0,0,0,1,579,579
table_cs_06,blur_3_5,blur,table,cs,3.5,,,,,,,0.3738,0.000733,0.0193,0.0811,0.0193,0.9189,0.9189,0.9189,0,0,0,0,1,207,207
table_en_01,blur_3_5,blur,table,en,3.5,,,,,,,0.8341,0.000868,0.0,0.0,-0.0479,1.0,1.0,1.0,0,0,0,1,1,376,376
table_en_02,blur_3_5,blur,table,en,3.5,,,,,,,0.613,0.000632,0.0,0.0,0.0,1.0,1.0,1.0,0,0,0,1,1,411,411
table_en_03,blur_3_5,blur,table,en,3.5,,,,,,,0.787,0.000763,0.0037,0.0217,0.0037,0.9783,0.9783,0.9783,0,0,0,0,1,539,539
table_en_04,blur_3_5,blur,table,en,3.5,,,,,,,0.4229,0.000579,0.0,0.0,0.0,1.0,1.0,1.0,0,0,0,1,1,265,265
table_en_05,blur_3_5,blur,table,en,3.5,,,,,,,0.4414,0.000721,0.6278,0.6667,0.0,1.0,1.0,1.0,0,1,1,0,0,266,266
table_en_06,blur_3_5,blur,table,en,3.5,,,,,,,0.8187,0.000908,0.0,0.0,0.0,1.0,1.0,1.0,0,0,0,1,1,319,319
table_en_07,blur_3_5,blur,table,en,3.5,,,,,,,0.2291,0.00054,0.0171,0.0476,-0.2051,0.9524,0.9524,0.9524,0,0,0,0,1,234,234
table_en_08,blur_3_5,blur,table,en,3.5,,,,,,,0.3852,0.000403,0.0324,0.0769,-0.0231,0.9474,0.9231,0.9351,0,0,0,0,0,432,419
table_en_09,blur_3_5,blur,table,en,3.5,,,,,,,0.4483,0.00077,0.2162,0.2162,0.2162,1.0,1.0,1.0,0,0,0,0,0,222,222
invoice_cs_01,blur_4_0,blur,invoice,cs,4.0,,,,,,,0.5322,0.000423,0.377,0.6207,0.1328,0.6977,0.6897,0.6936,0,1,1,0,0,616,586
invoice_cs_02,blur_4_0,blur,invoice,cs,4.0,,,,,,,0.5064,0.000386,0.0761,0.3049,0.0761,0.7037,0.6951,0.6994,0,0,0,0,0,584,554
invoice_cs_03,blur_4_0,blur,invoice,cs,4.0,,,,,,,0.529,0.000552,0.5079,0.6129,0.0609,0.9355,0.9355,0.9355,0,1,1,0,0,449,443
invoice_cs_04,blur_4_0,blur,invoice,cs,4.0,,,,,,,0.4477,0.000331,0.2239,0.3117,0.1175,0.8312,0.8312,0.8312,0,0,0,0,0,542,528
invoice_cs_05,blur_4_0,blur,invoice,cs,4.0,,,,,,,0.4872,0.00048,0.2773,0.3871,0.1469,0.9032,0.9032,0.9032,0,0,0,0,0,428,422
invoice_cs_06,blur_4_0,blur,invoice,cs,4.0,,,,,,,0.3645,0.00031,0.675,0.8519,0.4429,0.4062,0.1605,0.2301,0,1,1,0,0,566,218
invoice_en_01,blur_4_0,blur,invoice,en,4.0,,,,,,,0.816,0.000529,0.0015,0.0102,0.0,0.9898,0.9898,0.9898,0,0,0,0,1,653,647
invoice_en_02,blur_4_0,blur,invoice,en,4.0,,,,,,,0.7259,0.000452,0.0563,0.0494,0.0,1.0,1.0,1.0,0,0,0,0,0,539,533
invoice_en_03,blur_4_0,blur,invoice,en,4.0,,,,,,,0.3965,0.000264,0.4639,0.6264,0.4639,0.6769,0.4835,0.5641,0,1,1,0,0,601,400
invoice_en_04,blur_4_0,blur,invoice,en,4.0,,,,,,,0.3445,0.000414,0.4921,0.5897,0.4921,0.9211,0.8974,0.9091,0,1,1,0,0,514,499
invoice_en_05,blur_4_0,blur,invoice,en,4.0,,,,,,,0.5407,0.000436,0.0035,0.0227,-0.1009,0.9773,0.9773,0.9773,0,0,0,0,1,581,575
invoice_en_06,blur_4_0,blur,invoice,en,4.0,,,,,,,0.3158,0.000228,0.7236,0.8966,0.5845,0.5769,0.3448,0.4317,0,1,1,0,0,574,316
invoice_en_07,blur_4_0,blur,invoice,en,4.0,,,,,,,0.4259,0.000263,0.3907,0.5714,0.3907,0.6719,0.4388,0.5309,0,1,1,0,0,651,405
invoice_en_08,blur_4_0,blur,invoice,en,4.0,,,,,,,0.5066,0.00045,0.0495,0.044,0.0495,1.0,1.0,1.0,0,0,0,0,0,612,606
invoice_en_09,blur_4_0,blur,invoice,en,4.0,,,,,,,0.4368,0.000429,0.0043,0.0282,0.0022,0.9718,0.9718,0.9718,0,0,0,0,1,470,463
mixed_cs_01,blur_4_0,blur,mixed,cs,4.0,,,,,,,0.7451,0.000528,0.0208,0.119,0.0173,0.881,0.881,0.881,0,0,0,0,0,577,577
mixed_cs_02,blur_4_0,blur,mixed,cs,4.0,,,,,,,0.4932,0.000297,0.263,0.3511,0.0211,0.8085,0.8085,0.8085,0,0,0,0,0,616,612
mixed_cs_03,blur_4_0,blur,mixed,cs,4.0,,,,,,,0.7952,0.000316,0.0356,0.1594,0.0356,0.8406,0.8406,0.8406,0,0,0,0,0,871,867
mixed_cs_04,blur_4_0,blur,mixed,cs,4.0,,,,,,,0.3109,0.000263,0.8555,0.9244,0.7071,0.5652,0.1092,0.1831,0,1,1,0,0,775,134
mixed_cs_05,blur_4_0,blur,mixed,cs,4.0,,,,,,,0.4129,0.000298,0.5755,0.7789,0.5755,0.42,0.2211,0.2897,0,1,1,0,0,669,322
mixed_cs_06,blur_4_0,blur,mixed,cs,4.0,,,,,,,0.409,0.000187,0.8825,0.8889,0.8825,0.6364,0.1111,0.1892,0,1,1,0,0,868,115
mixed_en_01,blur_4_0,blur,mixed,en,4.0,,,,,,,0.2236,0.000208,0.9587,0.9762,0.9374,0.6,0.0238,0.0458,0,1,1,0,0,751,33
mixed_en_02,blur_4_0,blur,mixed,en,4.0,,,,,,,0.6961,0.000452,0.0543,0.0531,0.0543,0.9823,0.9823,0.9823,0,0,0,0,0,682,679
mixed_en_03,blur_4_0,blur,mixed,en,4.0,,,,,,,0.3376,0.000292,0.8405,0.8879,0.6541,0.7143,0.1293,0.219,0,1,1,0,0,740,125
mixed_en_04,blur_4_0,blur,mixed,en,4.0,,,,,,,0.51,0.000335,0.0348,0.1237,0.0348,0.9043,0.8763,0.8901,0,0,0,0,0,661,643
mixed_en_05,blur_4_0,blur,mixed,en,4.0,,,,,,,0.2755,0.000207,0.9739,0.9716,0.7846,0.8,0.0284,0.0548,0,1,1,0,0,882,23
mixed_en_06,blur_4_0,blur,mixed,en,4.0,,,,,,,0.3839,0.000325,0.294,0.36,0.294,0.9189,0.68,0.7816,0,0,0,0,0,619,473
mixed_en_07,blur_4_0,blur,mixed,en,4.0,,,,,,,0.6176,0.000402,0.0037,0.0246,0.0037,0.9754,0.9754,0.9754,0,0,0,0,1,802,800
mixed_en_08,blur_4_0,blur,mixed,en,4.0,,,,,,,0.7963,0.000563,0.1439,0.1538,0.0,1.0,1.0,1.0,0,0,0,0,0,431,431
mixed_en_09,blur_4_0,blur,mixed,en,4.0,,,,,,,0.4162,0.000263,0.0304,0.1214,-0.0891,0.8913,0.8786,0.8849,0,0,0,0,0,920,896
prose_cs_01,blur_4_0,blur,prose,cs,4.0,,,,,,,1.0383,0.000383,0.0284,0.1587,0.0284,0.8413,0.8413,0.8413,0,0,0,0,0,1864,1852
prose_cs_02,blur_4_0,blur,prose,cs,4.0,,,,,,,1.1669,0.000299,0.6714,0.8101,0.6714,0.5083,0.193,0.2798,0,1,1,0,0,2206,793
prose_cs_03,blur_4_0,blur,prose,cs,4.0,,,,,,,0.6827,0.000203,0.9421,0.9675,0.9421,0.4,0.0325,0.0602,0,1,1,0,0,1709,103
prose_cs_04,blur_4_0,blur,prose,cs,4.0,,,,,,,0.5324,0.000389,0.2924,0.4512,0.2924,0.7143,0.5488,0.6207,0,0,0,0,0,602,443
prose_cs_05,blur_4_0,blur,prose,cs,4.0,,,,,,,1.4929,0.00025,0.9832,0.9959,0.9832,0.2,0.0041,0.0081,0,1,1,0,0,5011,85
prose_cs_06,blur_4_0,blur,prose,cs,4.0,,,,,,,1.4822,0.000534,0.01,0.0701,0.01,0.9299,0.9299,0.9299,0,0,0,0,1,1104,1104
prose_en_01,blur_4_0,blur,prose,en,4.0,,,,,,,1.3459,0.000393,0.001,0.0066,0.001,0.9934,0.9934,0.9934,0,0,0,0,1,972,971
prose_en_02,blur_4_0,blur,prose,en,4.0,,,,,,,1.5041,0.000213,0.4921,0.5448,0.4921,0.8628,0.4846,0.6206,0,1,1,0,0,4649,2490
prose_en_03,blur_4_0,blur,prose,en,4.0,,,,,,,1.6768,0.000234,0.9721,0.9799,0.9721,0.56,0.0201,0.0387,0,1,1,0,0,4550,128
prose_en_04,blur_4_0,blur,prose,en,4.0,,,,,,,0.837,0.000321,0.0083,0.0323,0.0083,0.9722,0.9677,0.97,0,0,0,0,1,1450,1442
prose_en_05,blur_4_0,blur,prose,en,4.0,,,,,,,0.4616,0.000197,0.3174,0.3898,0.3174,0.8889,0.6102,0.7236,0,1,1,0,0,775,530
prose_en_06,blur_4_0,blur,prose,en,4.0,,,,,,,1.0687,0.000303,0.0028,0.0123,0.0028,0.9877,0.9877,0.9877,0,0,0,0,1,2174,2168
prose_en_07,blur_4_0,blur,prose,en,4.0,,,,,,,1.0638,0.000303,0.013,0.0761,0.013,0.9239,0.9239,0.9239,0,0,0,0,1,1923,1899
prose_en_08,blur_4_0,blur,prose,en,4.0,,,,,,,1.875,0.000549,0.0,0.0,-0.0006,1.0,1.0,1.0,0,0,0,1,1,1606,1606
prose_en_09,blur_4_0,blur,prose,en,4.0,,,,,,,1.6077,0.000286,0.0026,0.0173,0.0026,0.9827,0.9827,0.9827,0,0,0,0,1,1895,1890
table_cs_01,blur_4_0,blur,table,cs,4.0,,,,,,,0.391,0.000234,0.3701,0.4545,0.2495,0.7241,0.5455,0.6222,0,1,1,0,0,489,334
table_cs_02,blur_4_0,blur,table,cs,4.0,,,,,,,0.3355,0.000465,0.0186,0.0926,-0.0124,0.9074,0.9074,0.9074,0,0,0,0,1,323,323
table_cs_03,blur_4_0,blur,table,cs,4.0,,,,,,,0.2294,0.000294,0.3419,0.4906,0.037,0.7609,0.6604,0.7071,0,1,1,0,0,351,289
table_cs_04,blur_4_0,blur,table,cs,4.0,,,,,,,0.3836,0.000482,0.0906,0.1321,0.0139,0.9434,0.9434,0.9434,0,0,0,0,0,287,287
table_cs_05,blur_4_0,blur,table,cs,4.0,,,,,,,0.7373,0.00037,0.019,0.0769,0.019,0.9231,0.9231,0.9231,0,0,0,0,1,579,578
table_cs_06,blur_4_0,blur,table,cs,4.0,,,,,,,0.2224,0.000436,0.0242,0.1081,0.0242,0.8919,0.8919,0.8919,0,0,0,0,0,207,207
table_en_01,blur_4_0,blur,table,en,4.0,,,,,,,0.5048,0.000525,0.0745,0.0635,0.0266,1.0,1.0,1.0,0,0,0,0,0,376,376
table_en_02,blur_4_0,blur,table,en,4.0,,,,,,,0.4015,0.000414,0.0,0.0,0.0,1.0,1.0,1.0,0,0,0,1,1,411,411
table_en_03,blur_4_0,blur,table,en,4.0,,,,,,,0.4889,0.000474,0.0056,0.0326,0.0056,0.9674,0.9674,0.9674,0,0,0,0,1,539,539
table_en_04,blur_4_0,blur,table,en,4.0,,,,,,,0.263,0.00036,0.0264,0.1163,0.0264,0.8837,0.8837,0.8837,0,0,0,0,0,265,262
table_en_05,blur_4_0,blur,table,en,4.0,,,,,,,0.2777,0.000454,0.6466,0.7381,0.0188,0.9512,0.9286,0.9398,0,1,1,0,0,266,261
table_en_06,blur_4_0,blur,table,en,4.0,,,,,,,0.4884,0.000542,0.0,0.0,0.0,1.0,1.0,1.0,0,0,0,1,1,319,319
table_en_07,blur_4_0,blur,table,en,4.0,,,,,,,0.1524,0.000359,0.1709,0.3095,-0.0513,0.8095,0.8095,0.8095,0,0,0,0,0,234,234
table_en_08,blur_4_0,blur,table,en,4.0,,,,,,,0.2632,0.000275,0.2616,0.4359,0.206,0.7333,0.5641,0.6377,0,0,0,0,0,432,332
table_en_09,blur_4_0,blur,table,en,4.0,,,,,,,0.2722,0.000467,0.2162,0.2162,0.2162,1.0,1.0,1.0,0,0,0,0,0,222,222
invoice_cs_01,blur_4_5,blur,invoice,cs,4.5,,,,,,,0.397,0.000316,0.6016,0.7586,0.3574,0.6604,0.4023,0.5,0,1,1,0,0,616,355
invoice_cs_02,blur_4_5,blur,invoice,cs,4.5,,,,,,,0.3894,0.000297,0.6073,0.8049,0.6073,0.525,0.2561,0.3443,0,1,1,0,0,584,276
invoice_cs_03,blur_4_5,blur,invoice,cs,4.5,,,,,,,0.3717,0.000388,0.4763,0.629,0.0293,0.8387,0.8387,0.8387,0,1,1,0,0,449,443
invoice_cs_04,blur_4_5,blur,invoice,cs,4.5,,,,,,,0.3369,0.000249,0.347,0.4805,0.2407,0.6897,0.5195,0.5926,0,1,1,0,0,542,367
invoice_cs_05,blur_4_5,blur,invoice,cs,4.5,,,,,,,0.3494,0.000345,0.282,0.4516,0.1517,0.7797,0.7419,0.7603,0,0,0,0,0,428,401
invoice_cs_06,blur_4_5,blur,invoice,cs,4.5,,,,,,,0.2892,0.000246,0.9875,0.9877,0.7554,1.0,0.0123,0.0244,0,1,1,0,0,566,7
invoice_en_01,blur_4_5,blur,invoice,en,4.5,,,,,,,0.5836,0.000378,0.0062,0.0408,0.0046,0.9592,0.9592,0.9592,0,0,0,0,1,653,647
invoice_en_02,blur_4_5,blur,invoice,en,4.5,,,,,,,0.4994,0.000311,0.0,0.0,-0.0563,1.0,1.0,1.0,0,0,0,1,1,539,533
invoice_en_03,blur_4_5,blur,invoice,en,4.5,,,,,,,0.3214,0.000214,0.8269,0.9231,0.8269,0.3704,0.1099,0.1695,0,1,1,0,0,601,138
invoice_en_04,blur_4_5,blur,invoice,en,4.5,,,,,,,0.2574,0.00031,0.4685,0.5897,0.4685,0.8197,0.641,0.7194,0,1,1,0,0,514,410
invoice_en_05,blur_4_5,blur,invoice,en,4.5,,,,,,,0.4041,0.000326,0.0313,0.1023,-0.073,0.908,0.8977,0.9029,0,0,0,0,0,581,563
invoice_en_06,blur_4_5,blur,invoice,en,4.5,,,,,,,0.251,0.000181,0.9366,0.954,0.7975,0.5714,0.046,0.0851,0,1,1,0,0,574,36
invoice_en_07,blur_4_5,blur,invoice,en,4.5,,,,,,,0.347,0.000214,0.9039,0.949,0.9039,0.4167,0.051,0.0909,0,1,1,0,0,651,65
invoice_en_08,blur_4_5,blur,invoice,en,4.5,,,,,,,0.364,0.000323,0.0941,0.1319,0.0941,0.956,0.956,0.956,0,0,0,0,0,612,605
invoice_en_09,blur_4_5,blur,invoice,en,4.5,,,,,,,0.3288,0.000323,0.3879,0.493,0.3858,0.8939,0.831,0.8613,0,1,1,0,0,470,434
mixed_cs_01,blur_4_5,blur,mixed,cs,4.5,,,,,,,0.5323,0.000377,0.0329,0.1667,0.0295,0.8333,0.8333,0.8333,0,0,0,0,0,577,576
mixed_cs_02,blur_4_5,blur,mixed,cs,4.5,,,,,,,0.3714,0.000224,0.3539,0.5106,0.112,0.662,0.5,0.5697,0,1,1,0,0,616,436
mixed_cs_03,blur_4_5,blur,mixed,cs,4.5,,,,,,,0.6115,0.000243,0.2859,0.4783,0.2859,0.6429,0.5217,0.576,0,0,0,0,0,871,663
mixed_cs_04,blur_4_5,blur,mixed,cs,4.5,,,,,,,0.2592,0.000219,0.9639,0.958,0.8155,0.8333,0.042,0.08,0,1,1,0,0,775,29
mixed_cs_05,blur_4_5,blur,mixed,cs,4.5,,,,,,,0.3301,0.000238,0.9297,0.9789,0.9297,0.25,0.0211,0.0388,0,1,1,0,0,669,52
mixed_cs_06,blur_4_5,blur,mixed,cs,4.5,,,,,,,0.3454,0.000158,0.9643,0.9683,0.9643,0.625,0.0397,0.0746,0,1,1,0,0,868,36
mixed_en_01,blur_4_5,blur,mixed,en,4.5,,,,,,,0.1911,0.000178,0.9707,0.9921,0.9494,0.3333,0.0079,0.0155,0,1,1,0,0,751,22
mixed_en_02,blur_4_5,blur,mixed,en,4.5,,,,,,,0.5049,0.000328,0.1232,0.177,0.1232,0.9118,0.823,0.8651,0,0,0,0,0,682,603
mixed_en_03,blur_4_5,blur,mixed,en,4.5,,,,,,,0.2791,0.000241,0.9622,0.9741,0.7757,0.75,0.0259,0.05,0,1,1,0,0,740,29
mixed_en_04,blur_4_5,blur,mixed,en,4.5,,,,,,,0.4021,0.000264,0.7897,0.8144,0.7897,0.9,0.1856,0.3077,0,1,1,0,0,661,140
mixed_en_05,blur_4_5,blur,mixed,en,4.5,,,,,,,0.2332,0.000176,0.9807,0.9858,0.7914,0.6667,0.0142,0.0278,0,1,1,0,0,882,17
mixed_en_06,blur_4_5,blur,mixed,en,4.5,,,,,,,0.3089,0.000262,0.8901,0.93,0.8901,0.8182,0.09,0.1622,0,1,1,0,0,619,70
mixed_en_07,blur_4_5,blur,mixed,en,4.5,,,,,,,0.4713,0.000307,0.0636,0.0984,0.0636,0.9649,0.9016,0.9322,0,0,0,0,0,802,752
mixed_en_08,blur_4_5,blur,mixed,en,4.5,,,,,,,0.5586,0.000395,0.1439,0.1538,0.0,1.0,1.0,1.0,0,0,0,0,0,431,431
mixed_en_09,blur_4_5,blur,mixed,en,4.5,,,,,,,0.3317,0.000209,0.5174,0.6357,0.3978,0.7179,0.4,0.5138,0,1,1,0,0,920,478
prose_cs_01,blur_4_5,blur,prose,cs,4.5,,,,,,,0.8002,0.000296,0.2479,0.4613,0.2479,0.6562,0.5424,0.5939,0,0,0,0,0,1864,1467
prose_cs_02,blur_4_5,blur,prose,cs,4.5,,,,,,,0.9567,0.000245,0.9483,0.9842,0.9483,0.2632,0.0158,0.0299,0,1,1,0,0,2206,119
prose_cs_03,blur_4_5,blur,prose,cs,4.5,,,,,,,0.5861,0.000174,1.0,1.0,1.0,0.0,0.0,0.0,0,1,1,0,0,1709,1
prose_cs_04,blur_4_5,blur,prose,cs,4.5,,,,,,,0.4115,0.0003,0.8522,0.8537,0.8522,0.9286,0.1585,0.2708,0,1,1,0,0,602,90
prose_cs_05,blur_4_5,blur,prose,cs,4.5,,,,,,,1.283,0.000215,1.0,1.0,1.0,0.0,0.0,0.0,1,0,1,0,0,5011,0
prose_cs_06,blur_4_5,blur,prose,cs,4.5,,,,,,,1.0502,0.000378,0.0344,0.1783,0.0344,0.8217,0.8217,0.8217,0,0,0,0,0,1104,1102
prose_en_01,blur_4_5,blur,prose,en,4.5,,,,,,,0.9387,0.000274,0.0031,0.0199,0.0031,0.9801,0.9801,0.9801,0,0,0,0,1,972,969
prose_en_02,blur_4_5,blur,prose,en,4.5,,,,,,,1.2812,0.000181,0.9714,0.979,0.9714,0.7391,0.0238,0.0461,0,1,1,0,0,4649,136
prose_en_03,blur_4_5,blur,prose,en,4.5,,,,,,,1.4318,0.000199,0.9949,0.9971,0.9949,0.4,0.0029,0.0057,0,1,1,0,0,4550,24
prose_en_04,blur_4_5,blur,prose,en,4.5,,,,,,,0.6881,0.000264,0.5117,0.553,0.5117,0.8899,0.447,0.5951,0,1,1,0,0,1450,712
prose_en_05,blur_4_5,blur,prose,en,4.5,,,,,,,0.3886,0.000166,0.9174,0.9492,0.9174,0.6364,0.0593,0.1085,0,1,1,0,0,775,65
prose_en_06,blur_4_5,blur,prose,en,4.5,,,,,,,0.8434,0.000239,0.1619,0.216,0.1619,0.914,0.787,0.8458,0,0,0,0,0,2174,1844
prose_en_07,blur_4_5,blur,prose,en,4.5,,,,,,,0.8638,0.000246,0.5309,0.6298,0.5309,0.7529,0.4429,0.5577,0,1,1,0,0,1923,1027
prose_en_08,blur_4_5,blur,prose,en,4.5,,,,,,,1.3619,0.000399,0.0,0.0,-0.0006,1.0,1.0,1.0,0,0,0,1,1,1606,1606
prose_en_09,blur_4_5,blur,prose,en,4.5,,,,,,,1.2409,0.000221,0.0391,0.1038,0.0391,0.9217,0.8962,0.9088,0,0,0,0,0,1895,1823
table_cs_01,blur_4_5,blur,table,cs,4.5,,,,,,,0.3115,0.000186,0.7014,0.8182,0.5808,0.4516,0.1818,0.2593,0,1,1,0,0,489,166
table_cs_02,blur_4_5,blur,table,cs,4.5,,,,,,,0.2362,0.000328,0.0248,0.1296,-0.0062,0.8704,0.8704,0.8704,0,0,0,0,0,323,323
table_cs_03,blur_4_5,blur,table,cs,4.5,,,,,,,0.1827,0.000234,0.8632,0.8679,0.5584,0.7778,0.1321,0.2258,0,1,1,0,0,351,49
table_cs_04,blur_4_5,blur,table,cs,4.5,,,,,,,0.2766,0.000348,0.1045,0.1887,0.0279,0.8868,0.8868,0.8868,0,0,0,0,0,287,287
table_cs_05,blur_4_5,blur,table,cs,4.5,,,,,,,0.5418,0.000272,0.133,0.2088,0.133,0.8571,0.7912,0.8229,0,0,0,0,0,579,519
table_cs_06,blur_4_5,blur,table,cs,4.5,,,,,,,0.1545,0.000303,0.0628,0.3243,0.0628,0.6757,0.6757,0.6757,0,0,0,0,0,207,207
table_en_01,blur_4_5,blur,table,en,4.5,,,,,,,0.3571,0.000371,0.0612,0.0794,0.0133,0.9524,0.9524,0.9524,0,0,0,0,0,376,374
table_en_02,blur_4_5,blur,table,en,4.5,,,,,,,0.3062,0.000316,0.0779,0.2388,0.0779,0.7969,0.7612,0.7786,0,0,0,0,0,411,382
table_en_03,blur_4_5,blur,table,en,4.5,,,,,,,0.358,0.000347,0.0167,0.087,0.0167,0.913,0.913,0.913,0,0,0,0,1,539,539
table_en_04,blur_4_5,blur,table,en,4.5,,,,,,,0.1933,0.000265,0.3321,0.4884,0.3321,0.7297,0.6279,0.675,0,1,1,0,0,265,222
table_en_05,blur_4_5,blur,table,en,4.5,,,,,,,0.2012,0.000329,0.6128,0.7381,-0.015,0.8235,0.6667,0.7368,0,1,1,0,0,266,218
table_en_06,blur_4_5,blur,table,en,4.5,,,,,,,0.3455,0.000383,0.0,0.0,0.0,1.0,1.0,1.0,0,0,0,1,1,319,319
table_en_07,blur_4_5,blur,table,en,4.5,,,,,,,0.1171,0.000276,0.4316,0.5476,0.2094,0.697,0.5476,0.6133,0,1,1,0,0,234,181
table_en_08,blur_4_5,blur,table,en,4.5,,,,,,,0.2077,0.000217,0.7454,0.8718,0.6898,0.4762,0.1282,0.202,0,1,1,0,0,432,122
table_en_09,blur_4_5,blur,table,en,4.5,,,,,,,0.193,0.000331,0.2838,0.3514,0.2838,0.8889,0.8649,0.8767,0,0,0,0,0,222,216
invoice_cs_01,blur_5_0,blur,invoice,cs,5.0,,,,,,,0.3271,0.00026,0.8213,0.9425,0.577,0.3,0.069,0.1121,0,1,1,0,0,616,136
invoice_cs_02,blur_5_0,blur,invoice,cs,5.0,,,,,,,0.3381,0.000258,0.8391,0.9512,0.8391,0.25,0.0488,0.0816,0,1,1,0,0,584,108
invoice_cs_03,blur_5_0,blur,invoice,cs,5.0,,,,,,,0.2968,0.000309,0.4831,0.6613,0.0361,0.8065,0.8065,0.8065,0,1,1,0,0,449,443
invoice_cs_04,blur_5_0,blur,invoice,cs,5.0,,,,,,,0.2902,0.000215,0.666,0.8312,0.5597,0.3889,0.1818,0.2478,0,1,1,0,0,542,224
invoice_cs_05,blur_5_0,blur,invoice,cs,5.0,,,,,,,0.2873,0.000283,0.3957,0.6452,0.2654,0.6,0.4839,0.5357,0,1,1,0,0,428,327
invoice_cs_06,blur_5_0,blur,invoice,cs,5.0,,,,,,,0.2505,0.000213,0.9857,0.9877,0.7536,0.5,0.0123,0.0241,0,1,1,0,0,566,10
invoice_en_01,blur_5_0,blur,invoice,en,5.0,,,,,,,0.4855,0.000315,0.2148,0.3163,0.2133,0.8144,0.8061,0.8103,0,0,0,0,0,653,633
invoice_en_02,blur_5_0,blur,invoice,en,5.0,,,,,,,0.4032,0.000251,0.0619,0.0864,0.0056,0.963,0.963,0.963,0,0,0,0,0,539,531
invoice_en_03,blur_5_0,blur,invoice,en,5.0,,,,,,,0.2885,0.000192,0.9815,0.989,0.9815,0.5,0.011,0.0215,0,1,1,0,0,601,11
invoice_en_04,blur_5_0,blur,invoice,en,5.0,,,,,,,0.2154,0.000259,0.7008,0.7949,0.7008,0.5667,0.2179,0.3148,0,1,1,0,0,514,180
invoice_en_05,blur_5_0,blur,invoice,en,5.0,,,,,,,0.3474,0.00028,0.24,0.4432,0.1357,0.7101,0.5568,0.6242,0,0,0,0,0,581,457
invoice_en_06,blur_5_0,blur,invoice,en,5.0,,,,,,,0.2201,0.000159,0.9754,0.9885,0.8363,0.5,0.0115,0.0225,0,1,1,0,0,574,14
invoice_en_07,blur_5_0,blur,invoice,en,5.0,,,,,,,0.3127,0.000193,0.9798,0.9898,0.9798,0.3333,0.0102,0.0198,0,1,1,0,0,651,14
invoice_en_08,blur_5_0,blur,invoice,en,5.0,,,,,,,0.302,0.000268,0.1914,0.3516,0.1914,0.7792,0.6593,0.7143,0,0,0,0,0,612,496
invoice_en_09,blur_5_0,blur,invoice,en,5.0,,,,,,,0.2823,0.000277,0.5711,0.6761,0.569,0.6744,0.4085,0.5088,0,1,1,0,0,470,286
mixed_cs_01,blur_5_0,blur,mixed,cs,5.0,,,,,,,0.4369,0.00031,0.0919,0.3214,0.0884,0.6786,0.6786,0.6786,0,0,0,0,0,577,572
mixed_cs_02,blur_5_0,blur,mixed,cs,5.0,,,,,,,0.3207,0.000193,0.8912,0.9149,0.6494,0.5,0.0851,0.1455,0,1,1,0,0,616,76
mixed_cs_03,blur_5_0,blur,mixed,cs,5.0,,,,,,,0.5368,0.000213,0.8806,0.9058,0.8806,0.6087,0.1014,0.1739,0,1,1,0,0,871,107
mixed_cs_04,blur_5_0,blur,mixed,cs,5.0,,,,,,,0.2297,0.000194,1.0,1.0,0.8516,0.0,0.0,0.0,1,0,1,0,0,775,0
mixed_cs_05,blur_5_0,blur,mixed,cs,5.0,,,,,,,0.2899,0.000209,1.0,1.0,1.0,0.0,0.0,0.0,1,0,1,0,0,669,0
mixed_cs_06,blur_5_0,blur,mixed,cs,5.0,,,,,,,0.3147,0.000144,0.9827,0.9841,0.9827,1.0,0.0159,0.0312,0,1,1,0,0,868,15
mixed_en_01,blur_5_0,blur,mixed,en,5.0,,,,,,,0.1719,0.00016,1.0,1.0,0.9787,0.0,0.0,0.0,1,0,1,0,0,751,0
mixed_en_02,blur_5_0,blur,mixed,en,5.0,,,,,,,0.424,0.000275,0.3974,0.4956,0.3974,0.7848,0.5487,0.6458,0,1,1,0,0,682,448
mixed_en_03,blur_5_0,blur,mixed,en,5.0,,,,,,,0.2474,0.000214,0.9649,0.9741,0.7784,0.75,0.0259,0.05,0,1,1,0,0,740,27
mixed_en_04,blur_5_0,blur,mixed,en,5.0,,,,,,,0.3513,0.000231,0.9365,0.9485,0.9365,1.0,0.0515,0.098,0,1,1,0,0,661,42
mixed_en_05,blur_5_0,blur,mixed,en,5.0,,,,,,,0.2077,0.000156,0.9943,1.0,0.805,0.0,0.0,0.0,0,1,1,0,0,882,5
mixed_en_06,blur_5_0,blur,mixed,en,5.0,,,,,,,0.271,0.00023,0.9402,0.94,0.9402,0.75,0.06,0.1111,0,1,1,0,0,619,39
mixed_en_07,blur_5_0,blur,mixed,en,5.0,,,,,,,0.4102,0.000267,0.6471,0.7623,0.6471,0.8276,0.3934,0.5333,0,1,1,0,0,802,379
mixed_en_08,blur_5_0,blur,mixed,en,5.0,,,,,,,0.4459,0.000315,0.1508,0.1846,0.007,0.9692,0.9692,0.9692,0,0,0,0,0,431,431
mixed_en_09,blur_5_0,blur,mixed,en,5.0,,,,,,,0.2929,0.000185,0.9337,0.9571,0.8141,0.6,0.0429,0.08,0,1,1,0,0,920,63
prose_cs_01,blur_5_0,blur,prose,cs,5.0,,,,,,,0.7082,0.000262,0.9716,0.9815,0.9716,0.625,0.0185,0.0358,0,1,1,0,0,1864,53
prose_cs_02,blur_5_0,blur,prose,cs,5.0,,,,,,,0.8594,0.00022,0.9955,1.0,0.9955,0.0,0.0,0.0,0,1,1,0,0,2206,10
prose_cs_03,blur_5_0,blur,prose,cs,5.0,,,,,,,0.5394,0.00016,1.0,1.0,1.0,0.0,0.0,0.0,0,1,1,0,0,1709,1
prose_cs_04,blur_5_0,blur,prose,cs,5.0,,,,,,,0.3567,0.00026,0.9518,0.939,0.9518,0.8333,0.061,0.1136,0,1,1,0,0,602,31
prose_cs_05,blur_5_0,blur,prose,cs,5.0,,,,,,,1.1626,0.000194,1.0,1.0,1.0,0.0,0.0,0.0,0,1,1,0,0,5011,1
prose_cs_06,blur_5_0,blur,prose,cs,5.0,,,,,,,0.8438,0.000304,0.1014,0.3949,0.1014,0.625,0.6051,0.6149,0,0,0,0,0,1104,1065
prose_en_01,blur_5_0,blur,prose,en,5.0,,,,,,,0.766,0.000224,0.0453,0.0795,0.0453,0.9586,0.9205,0.9392,0,0,0,0,0,972,929
prose_en_02,blur_5_0,blur,prose,en,5.0,,,,,,,1.1712,0.000165,0.9935,0.993,0.9935,0.625,0.007,0.0139,0,1,1,0,0,4649,31
prose_en_03,blur_5_0,blur,prose,en,5.0,,,,,,,1.2844,0.000179,1.0,1.0,1.0,0.0,0.0,0.0,0,1,1,0,0,4550,1
prose_en_04,blur_5_0,blur,prose,en,5.0,,,,,,,0.6187,0.000238,0.9614,0.9631,0.9614,0.8889,0.0369,0.0708,0,1,1,0,0,1450,56
prose_en_05,blur_5_0,blur,prose,en,5.0,,,,,,,0.3533,0.000151,0.9587,0.9576,0.9587,0.8333,0.0424,0.0806,0,1,1,0,0,775,32
prose_en_06,blur_5_0,blur,prose,en,5.0,,,,,,,0.7638,0.000216,0.7452,0.7963,0.7452,0.8,0.2099,0.3325,0,1,1,0,0,2174,560
prose_en_07,blur_5_0,blur,prose,en,5.0,,,,,,,0.7676,0.000219,0.948,0.9689,0.948,0.5556,0.0346,0.0651,0,1,1,0,0,1923,102
prose_en_08,blur_5_0,blur,prose,en,5.0,,,,,,,1.1468,0.000336,0.0012,0.0082,0.0006,0.9918,0.9918,0.9918,0,0,0,0,1,1606,1605
prose_en_09,blur_5_0,blur,prose,en,5.0,,,,,,,1.0933,0.000195,0.6322,0.7578,0.6322,0.6977,0.3114,0.4306,0,1,1,0,0,1895,791
table_cs_01,blur_5_0,blur,table,cs,5.0,,,,,,,0.2758,0.000165,0.8855,0.9091,0.7648,0.5833,0.0909,0.1573,0,1,1,0,0,489,57
table_cs_02,blur_5_0,blur,table,cs,5.0,,,,,,,0.1958,0.000272,0.0774,0.2407,0.0464,0.7736,0.7593,0.7664,0,0,0,0,0,323,315
table_cs_03,blur_5_0,blur,table,cs,5.0,,,,,,,0.1595,0.000205,0.9829,1.0,0.6781,0.0,0.0,0.0,0,1,1,0,0,351,7
table_cs_04,blur_5_0,blur,table,cs,5.0,,,,,,,0.227,0.000285,0.1638,0.283,0.0871,0.8235,0.7925,0.8077,0,0,0,0,0,287,272
table_cs_05,blur_5_0,blur,table,cs,5.0,,,,,,,0.4544,0.000228,0.3299,0.3407,0.3299,0.8824,0.6593,0.7547,0,1,1,0,0,579,395
table_cs_06,blur_5_0,blur,table,cs,5.0,,,,,,,0.1264,0.000248,0.1498,0.4595,0.1498,0.5714,0.5405,0.5556,0,0,0,0,0,207,190
table_en_01,blur_5_0,blur,table,en,5.0,,,,,,,0.2895,0.000301,0.1755,0.2381,0.1277,0.8966,0.8254,0.8595,0,0,0,0,0,376,346
table_en_02,blur_5_0,blur,table,en,5.0,,,,,,,0.2611,0.000269,0.5523,0.7015,0.5523,0.6061,0.2985,0.4,0,1,1,0,0,411,196
table_en_03,blur_5_0,blur,table,en,5.0,,,,,,,0.2953,0.000286,0.102,0.2174,0.102,0.8352,0.8261,0.8306,0,0,0,0,0,539,536
table_en_04,blur_5_0,blur,table,en,5.0,,,,,,,0.1638,0.000224,0.7585,0.9767,0.7585,0.25,0.1628,0.1972,0,1,1,0,0,265,150
table_en_05,blur_5_0,blur,table,en,5.0,,,,,,,0.1647,0.000269,0.5526,0.6905,-0.0752,0.6538,0.4048,0.5,0,1,1,0,0,266,168
table_en_06,blur_5_0,blur,table,en,5.0,,,,,,,0.2845,0.000316,0.0282,0.0385,0.0282,1.0,0.9615,0.9804,0,0,0,0,0,319,310
table_en_07,blur_5_0,blur,table,en,5.0,,,,,,,0.0996,0.000235,0.9573,1.0,0.735,0.0,0.0,0.0,0,1,1,0,0,234,14
table_en_08,blur_5_0,blur,table,en,5.0,,,,,,,0.1823,0.000191,0.9282,0.9487,0.8727,0.8,0.0513,0.0964,0,1,1,0,0,432,31
table_en_09,blur_5_0,blur,table,en,5.0,,,,,,,0.1562,0.000268,0.3739,0.4324,0.3739,0.8621,0.6757,0.7576,0,1,1,0,0,222,172
invoice_cs_01,res_25,res,invoice,cs,0.0,0.25,425,550,425,550,233750,3519.3585,2.799832,0.5967,0.7241,0.3525,0.9659,0.977,0.9714,0,1,1,0,0,616,611
invoice_cs_02,res_25,res,invoice,cs,0.0,0.25,375,500,375,500,187500,3339.7307,2.544049,0.0087,0.0488,0.0087,0.9518,0.9634,0.9576,0,0,0,0,1,584,579
invoice_cs_03,res_25,res,invoice,cs,0.0,0.25,475,625,475,625,296875,3282.6019,3.422491,0.4628,0.5484,0.0158,0.9677,0.9677,0.9677,0,1,1,0,0,449,444
invoice_cs_04,res_25,res,invoice,cs,0.0,0.25,400,588,400,588,235200,2967.2892,2.195744,0.1101,0.1169,0.0037,0.9615,0.974,0.9677,0,0,0,0,0,542,537
invoice_cs_05,res_25,res,invoice,cs,0.0,0.25,425,550,425,550,233750,3122.1816,3.078526,0.2536,0.3226,0.1232,0.9683,0.9839,0.976,0,0,0,0,0,428,423
invoice_cs_06,res_25,res,invoice,cs,0.0,0.25,375,500,375,500,187500,2112.6492,1.796046,0.2411,0.321,0.0089,0.9506,0.9506,0.9506,0,0,0,0,0,566,558
invoice_en_01,res_25,res,invoice,en,0.0,0.25,400,588,400,588,235200,5280.5634,3.420925,0.0,0.0,-0.0015,1.0,1.0,1.0,0,0,0,1,1,653,647
invoice_en_02,res_25,res,invoice,en,0.0,0.25,425,550,425,550,233750,4404.2849,2.741849,0.0563,0.0494,0.0,1.0,1.0,1.0,0,0,0,0,0,539,533
invoice_en_03,res_25,res,invoice,en,0.0,0.25,375,500,375,500,187500,2351.6094,1.565294,0.0,0.0,0.0,1.0,1.0,1.0,0,0,0,1,1,601,595
invoice_en_04,res_25,res,invoice,en,0.0,0.25,475,625,475,625,296875,2541.3386,3.05562,0.0,0.0,0.0,1.0,1.0,1.0,0,0,0,1,1,514,508
invoice_en_05,res_25,res,invoice,en,0.0,0.25,400,588,400,588,235200,3411.6143,2.750171,0.0,0.0,-0.1043,1.0,1.0,1.0,0,0,0,1,1,581,575
invoice_en_06,res_25,res,invoice,en,0.0,0.25,425,550,425,550,233750,1759.288,1.27031,0.1954,0.2069,0.0563,1.0,1.0,1.0,0,0,0,0,0,574,568
invoice_en_07,res_25,res,invoice,en,0.0,0.25,375,500,375,500,187500,2714.73,1.673268,0.0248,0.0204,0.0248,1.0,1.0,1.0,0,0,0,0,0,651,645
invoice_en_08,res_25,res,invoice,en,0.0,0.25,475,625,475,625,296875,3887.918,3.45078,0.033,0.022,0.033,1.0,1.0,1.0,0,0,0,0,0,612,606
invoice_en_09,res_25,res,invoice,en,0.0,0.25,400,588,400,588,235200,2762.6085,2.7142,0.0647,0.0563,0.0625,1.0,1.0,1.0,0,0,0,0,0,470,464
mixed_cs_01,res_25,res,mixed,cs,0.0,0.25,400,588,400,588,235200,4748.3647,3.366223,0.0052,0.0357,0.0017,0.9643,0.9643,0.9643,0,0,0,0,1,577,577
mixed_cs_02,res_25,res,mixed,cs,0.0,0.25,425,550,425,550,233750,3689.969,2.223941,0.2419,0.2234,0.0,0.9787,0.9787,0.9787,0,0,0,0,0,616,616
mixed_cs_03,res_25,res,mixed,cs,0.0,0.25,375,500,375,500,187500,6046.483,2.402211,0.0023,0.0145,0.0023,0.9855,0.9855,0.9855,0,0,0,0,1,871,871
mixed_cs_04,res_25,res,mixed,cs,0.0,0.25,475,625,475,625,296875,1908.4706,1.614463,0.1548,0.2017,0.0065,0.9664,0.9664,0.9664,0,0,0,0,0,775,775
mixed_cs_05,res_25,res,mixed,cs,0.0,0.25,400,588,400,588,235200,2406.1629,1.737912,0.009,0.0632,0.009,0.9368,0.9368,0.9368,0,0,0,0,1,669,669
mixed_cs_06,res_25,res,mixed,cs,0.0,0.25,425,550,425,550,233750,2459.2316,1.124198,0.2949,0.3095,0.2949,0.9524,0.9524,0.9524,0,0,0,0,0,868,868
mixed_en_01,res_25,res,mixed,en,0.0,0.25,475,625,475,625,296875,966.0931,0.898166,0.004,0.0159,-0.0173,0.9841,0.9841,0.9841,0,0,0,0,1,751,750
mixed_en_02,res_25,res,mixed,en,0.0,0.25,400,588,400,588,235200,4862.2332,3.156426,0.0762,0.0708,0.0762,1.0,1.0,1.0,0,0,0,0,0,682,682
mixed_en_03,res_25,res,mixed,en,0.0,0.25,425,550,425,550,233750,1859.802,1.608497,0.1851,0.2414,-0.0014,0.9914,0.9914,0.9914,0,0,0,0,0,740,740
mixed_en_04,res_25,res,mixed,en,0.0,0.25,375,500,375,500,187500,2867.5745,1.884264,0.003,0.0206,0.003,0.9794,0.9794,0.9794,0,0,0,0,1,661,661
mixed_en_05,res_25,res,mixed,en,0.0,0.25,475,625,475,625,296875,1371.6564,1.032919,0.1746,0.1773,-0.0147,1.0,0.9929,0.9964,0,0,0,0,0,882,878
mixed_en_06,res_25,res,mixed,en,0.0,0.25,400,588,400,588,235200,2397.2418,2.030964,0.2359,0.26,0.2359,0.9884,0.85,0.914,0,0,0,0,0,619,565
mixed_en_07,res_25,res,mixed,en,0.0,0.25,425,550,425,550,233750,4643.5331,3.021184,0.2007,0.2295,0.2007,1.0,1.0,1.0,0,0,0,0,0,802,802
mixed_en_08,res_25,res,mixed,en,0.0,0.25,375,500,375,500,187500,4740.168,3.348801,0.1439,0.1538,0.0,1.0,1.0,1.0,0,0,0,0,0,431,431
mixed_en_09,res_25,res,mixed,en,0.0,0.25,475,625,475,625,296875,2766.0858,1.745365,0.0,0.0,-0.1196,1.0,1.0,1.0,0,0,0,1,1,920,920
prose_cs_01,res_25,res,prose,cs,0.0,0.25,475,625,475,625,296875,8114.444,2.996823,0.0005,0.0037,0.0005,0.9963,0.9963,0.9963,0,0,0,0,1,1864,1864
prose_cs_02,res_25,res,prose,cs,0.0,0.25,400,588,400,588,235200,5138.9862,1.31785,0.0032,0.019,0.0032,0.981,0.981,0.981,0,0,0,0,1,2206,2205
prose_cs_03,res_25,res,prose,cs,0.0,0.25,425,550,425,550,233750,3946.163,1.171107,0.0099,0.0569,0.0099,0.9431,0.9431,0.9431,0,0,0,0,1,1709,1706
prose_cs_04,res_25,res,prose,cs,0.0,0.25,375,500,375,500,187500,3644.6666,2.660388,0.0,0.0,0.0,1.0,1.0,1.0,0,0,0,1,1,602,602
prose_cs_05,res_25,res,prose,cs,0.0,0.25,475,625,475,625,296875,8483.8196,1.418638,0.0114,0.062,0.0114,0.9432,0.938,0.9406,0,0,0,0,1,5011,4991
prose_cs_06,res_25,res,prose,cs,0.0,0.25,400,588,400,588,235200,9513.4283,3.426109,0.0,0.0,0.0,1.0,1.0,1.0,0,0,0,1,1,1104,1104
prose_en_01,res_25,res,prose,en,0.0,0.25,375,500,375,500,187500,9386.1441,2.739265,0.0,0.0,0.0,1.0,1.0,1.0,0,0,0,1,1,972,972
prose_en_02,res_25,res,prose,en,0.0,0.25,475,625,475,625,296875,8935.3116,1.262552,0.0,0.0,0.0,1.0,1.0,1.0,0,0,0,1,1,4649,4649
prose_en_03,res_25,res,prose,en,0.0,0.25,400,588,400,588,235200,7945.2564,1.106671,0.0018,0.0057,0.0018,0.9943,0.9943,0.9943,0,0,0,0,1,4550,4542
prose_en_04,res_25,res,prose,en,0.0,0.25,425,550,425,550,233750,4571.5546,1.755566,0.0,0.0,0.0,1.0,1.0,1.0,0,0,0,1,1,1450,1450
prose_en_05,res_25,res,prose,en,0.0,0.25,375,500,375,500,187500,3019.6846,1.288263,0.0,0.0,0.0,1.0,1.0,1.0,0,0,0,1,1,775,775
prose_en_06,res_25,res,prose,en,0.0,0.25,475,625,475,625,296875,8523.9447,2.413649,0.0,0.0,0.0,1.0,1.0,1.0,0,0,0,1,1,2174,2174
prose_en_07,res_25,res,prose,en,0.0,0.25,400,588,400,588,235200,7944.6871,2.263139,0.0,0.0,0.0,1.0,1.0,1.0,0,0,0,1,1,1923,1923
prose_en_08,res_25,res,prose,en,0.0,0.25,425,550,425,550,233750,11983.2612,3.509227,0.0,0.0,-0.0006,1.0,1.0,1.0,0,0,0,1,1,1606,1606
prose_en_09,res_25,res,prose,en,0.0,0.25,375,500,375,500,187500,12098.0772,2.153554,0.0,0.0,0.0,1.0,1.0,1.0,0,0,0,1,1,1895,1895
table_cs_01,res_25,res,table,cs,0.0,0.25,375,500,375,500,187500,2478.6098,1.483723,0.1288,0.1429,0.0082,0.961,0.961,0.961,0,0,0,0,0,489,489
table_cs_02,res_25,res,table,cs,0.0,0.25,475,625,475,625,296875,2047.7068,2.841483,0.0743,0.0741,0.0433,1.0,1.0,1.0,0,0,0,0,0,323,323
table_cs_03,res_25,res,table,cs,0.0,0.25,400,588,400,588,235200,1576.962,2.023778,0.3105,0.3774,0.0057,0.9434,0.9434,0.9434,0,1,1,0,0,351,351
table_cs_04,res_25,res,table,cs,0.0,0.25,425,550,425,550,233750,2649.7228,3.330245,0.2265,0.2264,0.1498,1.0,1.0,1.0,0,0,0,0,0,287,287
table_cs_05,res_25,res,table,cs,0.0,0.25,375,500,375,500,187500,4848.4259,2.435949,0.0,0.0,0.0,1.0,1.0,1.0,0,0,0,1,1,579,579
table_cs_06,res_25,res,table,cs,0.0,0.25,475,625,475,625,296875,1431.5499,2.806536,0.0,0.0,0.0,1.0,1.0,1.0,0,0,0,1,1,207,207
table_en_01,res_25,res,table,en,0.0,0.25,425,550,425,550,233750,3044.6132,3.167244,0.1702,0.127,0.1223,1.0,1.0,1.0,0,0,0,0,0,376,376
table_en_02,res_25,res,table,en,0.0,0.25,375,500,375,500,187500,2772.2539,2.859133,0.0,0.0,0.0,1.0,1.0,1.0,0,0,0,1,1,411,411
table_en_03,res_25,res,table,en,0.0,0.25,475,625,475,625,296875,3079.5702,2.985276,0.0,0.0,0.0,1.0,1.0,1.0,0,0,0,1,1,539,539
table_en_04,res_25,res,table,en,0.0,0.25,400,588,400,588,235200,1684.1193,2.305015,0.0,0.0,0.0,1.0,1.0,1.0,0,0,0,1,1,265,265
table_en_05,res_25,res,table,en,0.0,0.25,425,550,425,550,233750,1662.7379,2.716541,0.6278,0.6667,0.0,1.0,1.0,1.0,0,1,1,0,0,266,266
table_en_06,res_25,res,table,en,0.0,0.25,375,500,375,500,187500,3275.1862,3.632323,0.0,0.0,0.0,1.0,1.0,1.0,0,0,0,1,1,319,319
table_en_07,res_25,res,table,en,0.0,0.25,475,625,475,625,296875,872.9156,2.056475,0.5385,0.5714,0.3162,0.9762,0.9762,0.9762,0,1,1,0,0,234,234
table_en_08,res_25,res,table,en,0.0,0.25,400,588,400,588,235200,1656.806,1.733783,0.0278,0.0385,-0.0278,1.0,0.9872,0.9935,0,0,0,0,0,432,430
table_en_09,res_25,res,table,en,0.0,0.25,425,550,425,550,233750,1683.4821,2.890947,0.6261,0.6486,0.6261,1.0,1.0,1.0,0,1,1,0,0,222,222
invoice_cs_01,res_20,res,invoice,cs,0.0,0.2,340,440,340,440,149600,2770.8489,2.204354,0.6082,0.7816,0.3639,0.8837,0.8736,0.8786,0,1,1,0,0,616,603
invoice_cs_02,res_20,res,invoice,cs,0.0,0.2,300,400,300,400,120000,2551.6566,1.943731,0.019,0.0976,0.019,0.9024,0.9024,0.9024,0,0,0,0,1,584,575
invoice_cs_03,res_20,res,invoice,cs,0.0,0.2,380,500,380,500,190000,3031.5681,3.16076,0.4853,0.5323,0.0384,0.9677,0.9677,0.9677,0,1,1,0,0,449,443
invoice_cs_04,res_20,res,invoice,cs,0.0,0.2,320,470,320,470,150400,2472.627,1.829703,0.084,0.1558,-0.0224,0.8974,0.9091,0.9032,0,0,0,0,0,542,536
invoice_cs_05,res_20,res,invoice,cs,0.0,0.2,340,440,340,440,149600,2817.9927,2.77859,0.0047,0.0484,-0.1256,0.9524,0.9677,0.96,0,0,0,0,1,428,423
invoice_cs_06,res_20,res,invoice,cs,0.0,0.2,300,400,300,400,120000,1650.4902,1.403146,0.6107,0.8272,0.3786,0.7681,0.6543,0.7067,0,1,1,0,0,566,481
invoice_en_01,res_20,res,invoice,en,0.0,0.2,320,470,320,470,150400,4785.0366,3.099906,0.0046,0.0306,0.0031,0.9694,0.9694,0.9694,0,0,0,0,1,653,648
invoice_en_02,res_20,res,invoice,en,0.0,0.2,340,440,340,440,149600,4262.4251,2.653536,0.0563,0.0494,0.0,1.0,1.0,1.0,0,0,0,0,0,539,533
invoice_en_03,res_20,res,invoice,en,0.0,0.2,300,400,300,400,120000,1736.3708,1.155775,0.0185,0.0659,0.0185,0.9444,0.9341,0.9392,0,0,0,0,1,601,589
invoice_en_04,res_20,res,invoice,en,0.0,0.2,380,500,380,500,190000,1959.8547,2.356463,0.1476,0.1795,0.1476,1.0,1.0,1.0,0,0,0,0,0,514,508
invoice_en_05,res_20,res,invoice,en,0.0,0.2,320,470,320,470,150400,2542.8144,2.049814,0.0017,0.0114,-0.1026,0.9886,0.9886,0.9886,0,0,0,0,1,581,575
invoice_en_06,res_20,res,invoice,en,0.0,0.2,340,440,340,440,149600,1321.7256,0.954364,0.544,0.6207,0.4049,0.9529,0.931,0.9419,0,1,1,0,0,574,556
invoice_en_07,res_20,res,invoice,en,0.0,0.2,300,400,300,400,120000,1884.2132,1.161365,0.0031,0.0204,0.0031,0.9796,0.9796,0.9796,0,0,0,0,1,651,644
invoice_en_08,res_20,res,invoice,en,0.0,0.2,380,500,380,500,190000,3213.4704,2.852164,0.0,0.0,0.0,1.0,1.0,1.0,0,0,0,1,1,612,606
invoice_en_09,res_20,res,invoice,en,0.0,0.2,320,470,320,470,150400,2021.0658,1.985651,0.0022,0.0141,0.0,0.9859,0.9859,0.9859,0,0,0,0,1,470,464
mixed_cs_01,res_20,res,mixed,cs,0.0,0.2,320,470,320,470,150400,4188.5645,2.969368,0.0069,0.0476,0.0035,0.9524,0.9524,0.9524,0,0,0,0,1,577,577
mixed_cs_02,res_20,res,mixed,cs,0.0,0.2,340,440,340,440,149600,2958.5899,1.783139,0.2403,0.266,-0.0016,0.9468,0.9468,0.9468,0,0,0,0,0,616,616
mixed_cs_03,res_20,res,mixed,cs,0.0,0.2,300,400,300,400,120000,4714.5626,1.873051,0.0126,0.0652,0.0126,0.9348,0.9348,0.9348,0,0,0,0,1,871,870
mixed_cs_04,res_20,res,mixed,cs,0.0,0.2,380,500,380,500,190000,1423.8707,1.204517,0.2955,0.5042,0.1471,0.7196,0.6471,0.6814,0,0,0,0,0,775,690
mixed_cs_05,res_20,res,mixed,cs,0.0,0.2,320,470,320,470,150400,1892.2578,1.366731,0.1256,0.4105,0.1256,0.6292,0.5895,0.6087,0,0,0,0,0,669,629
mixed_cs_06,res_20,res,mixed,cs,0.0,0.2,340,440,340,440,149600,1705.4536,0.779621,0.1048,0.3175,0.1048,0.6935,0.6825,0.688,0,0,0,0,0,868,830
mixed_en_01,res_20,res,mixed,en,0.0,0.2,380,500,380,500,190000,753.964,0.700952,0.4008,0.5317,0.3795,0.8846,0.7302,0.8,0,1,1,0,0,751,632
mixed_en_02,res_20,res,mixed,en,0.0,0.2,320,470,320,470,150400,4143.6219,2.689924,0.0513,0.0442,0.0513,0.9912,0.9912,0.9912,0,0,0,0,0,682,682
mixed_en_03,res_20,res,mixed,en,0.0,0.2,340,440,340,440,149600,1471.9029,1.273012,0.1892,0.25,0.0027,0.9737,0.9569,0.9652,0,0,0,0,0,740,729
mixed_en_04,res_20,res,mixed,en,0.0,0.2,300,400,300,400,120000,2038.608,1.339556,0.0106,0.0412,0.0106,0.9688,0.9588,0.9637,0,0,0,0,1,661,657
mixed_en_05,res_20,res,mixed,en,0.0,0.2,380,500,380,500,190000,973.638,0.733193,0.1939,0.2411,0.0045,0.9385,0.8652,0.9004,0,0,0,0,0,882,803
mixed_en_06,res_20,res,mixed,en,0.0,0.2,320,470,320,470,150400,1946.6049,1.649181,0.0016,0.01,0.0016,0.99,0.99,0.99,0,0,0,0,1,619,619
mixed_en_07,res_20,res,mixed,en,0.0,0.2,340,440,340,440,149600,3555.2137,2.313099,0.0399,0.0328,0.0399,1.0,1.0,1.0,0,0,0,0,0,802,802
mixed_en_08,res_20,res,mixed,en,0.0,0.2,300,400,300,400,120000,4446.4064,3.141266,0.1439,0.1538,0.0,1.0,1.0,1.0,0,0,0,0,0,431,431
mixed_en_09,res_20,res,mixed,en,0.0,0.2,380,500,380,500,190000,2022.1493,1.275951,0.2196,0.2429,0.1,0.9929,0.9929,0.9929,0,0,0,0,0,920,919
prose_cs_01,res_20,res,prose,cs,0.0,0.2,380,500,380,500,190000,6123.7886,2.261635,0.0091,0.0406,0.0091,0.9594,0.9594,0.9594,0,0,0,0,1,1864,1861
prose_cs_02,res_20,res,prose,cs,0.0,0.2,320,470,320,470,150400,4823.8794,1.237043,0.0485,0.1519,0.0485,0.859,0.8481,0.8535,0,0,0,0,0,2206,2153
prose_cs_03,res_20,res,prose,cs,0.0,0.2,340,440,340,440,149600,2578.4625,0.765213,0.1989,0.3984,0.1989,0.6578,0.6016,0.6285,0,0,0,0,0,1709,1422
prose_cs_04,res_20,res,prose,cs,0.0,0.2,300,400,300,400,120000,2949.828,2.153197,0.0382,0.1707,0.0382,0.85,0.8293,0.8395,0,0,0,0,0,602,596
prose_cs_05,res_20,res,prose,cs,0.0,0.2,380,500,380,500,190000,6414.9033,1.07268,0.2249,0.4463,0.2249,0.6678,0.5647,0.6119,0,0,0,0,0,5011,4065
prose_cs_06,res_20,res,prose,cs,0.0,0.2,320,470,320,470,150400,8584.2959,3.091496,0.0,0.0,0.0,1.0,1.0,1.0,0,0,0,1,1,1104,1104
prose_en_01,res_20,res,prose,en,0.0,0.2,300,400,300,400,120000,8550.1401,2.495284,0.0,0.0,0.0,1.0,1.0,1.0,0,0,0,1,1,972,972
prose_en_02,res_20,res,prose,en,0.0,0.2,380,500,380,500,190000,5905.9317,0.834503,0.0015,0.0084,0.0015,0.9916,0.9916,0.9916,0,0,0,0,1,4649,4643
prose_en_03,res_20,res,prose,en,0.0,0.2,320,470,320,470,150400,6224.454,0.866986,0.0169,0.043,0.0169,0.9612,0.957,0.9591,0,0,0,0,1,4550,4476
prose_en_04,res_20,res,prose,en,0.0,0.2,340,440,340,440,149600,3487.0137,1.339081,0.0,0.0,0.0,1.0,1.0,1.0,0,0,0,1,1,1450,1450
prose_en_05,res_20,res,prose,en,0.0,0.2,300,400,300,400,120000,2023.7179,0.863362,0.0,0.0,0.0,1.0,1.0,1.0,0,0,0,1,1,775,775
prose_en_06,res_20,res,prose,en,0.0,0.2,380,500,380,500,190000,5946.9356,1.68394,0.0009,0.0031,0.0009,0.9969,0.9969,0.9969,0,0,0,0,1,2174,2172
prose_en_07,res_20,res,prose,en,0.0,0.2,320,470,320,470,150400,5327.7714,1.517679,0.0026,0.0069,0.0026,0.9931,1.0,0.9966,0,0,0,0,1,1923,1928
prose_en_08,res_20,res,prose,en,0.0,0.2,340,440,340,440,149600,10348.5934,3.030524,0.0,0.0,-0.0006,1.0,1.0,1.0,0,0,0,1,1,1606,1606
prose_en_09,res_20,res,prose,en,0.0,0.2,300,400,300,400,120000,9333.8447,1.661499,0.0,0.0,0.0,1.0,1.0,1.0,0,0,0,1,1,1895,1895
table_cs_01,res_20,res,table,cs,0.0,0.2,300,400,300,400,120000,1868.7759,1.11867,0.0511,0.1818,-0.0695,0.8289,0.8182,0.8235,0,0,0,0,0,489,483
table_cs_02,res_20,res,table,cs,0.0,0.2,380,500,380,500,190000,1901.0039,2.637912,0.0372,0.037,0.0062,1.0,1.0,1.0,0,0,0,0,0,323,323
table_cs_03,res_20,res,table,cs,0.0,0.2,320,470,320,470,150400,1172.813,1.505117,0.4387,0.6415,0.1339,0.6981,0.6981,0.6981,0,1,1,0,0,351,350
table_cs_04,res_20,res,table,cs,0.0,0.2,340,440,340,440,149600,2328.9984,2.92715,0.0801,0.0943,0.0035,0.9811,0.9811,0.9811,0,0,0,0,0,287,287
table_cs_05,res_20,res,table,cs,0.0,0.2,300,400,300,400,120000,4266.36,2.143508,0.0104,0.0659,0.0104,0.9341,0.9341,0.9341,0,0,0,0,1,579,579
table_cs_06,res_20,res,table,cs,0.0,0.2,380,500,380,500,190000,1291.0581,2.531104,0.0676,0.1081,0.0676,0.9459,0.9459,0.9459,0,0,0,0,0,207,208
table_en_01,res_20,res,table,en,0.0,0.2,340,440,340,440,149600,2834.9739,2.949161,0.0,0.0,-0.0479,1.0,1.0,1.0,0,0,0,1,1,376,376
table_en_02,res_20,res,table,en,0.0,0.2,300,400,300,400,120000,2075.7064,2.140757,0.0389,0.0299,0.0389,1.0,1.0,1.0,0,0,0,0,0,411,411
table_en_03,res_20,res,table,en,0.0,0.2,380,500,380,500,190000,2787.5718,2.702219,0.0464,0.0543,0.0464,0.9891,0.9891,0.9891,0,0,0,0,0,539,539
table_en_04,res_20,res,table,en,0.0,0.2,320,470,320,470,150400,1450.7713,1.985637,0.1321,0.1163,0.1321,0.9767,0.9767,0.9767,0,0,0,0,0,265,265
table_en_05,res_20,res,table,en,0.0,0.2,340,440,340,440,149600,1513.6545,2.472972,0.3797,0.4048,-0.2481,0.9762,0.9762,0.9762,0,1,1,0,0,266,266
table_en_06,res_20,res,table,en,0.0,0.2,300,400,300,400,120000,2877.8223,3.191629,0.0,0.0,0.0,1.0,1.0,1.0,0,0,0,1,1,319,319
table_en_07,res_20,res,table,en,0.0,0.2,380,500,380,500,190000,682.356,1.607541,0.406,0.4762,0.1838,1.0,1.0,1.0,0,1,1,0,0,234,234
table_en_08,res_20,res,table,en,0.0,0.2,320,470,320,470,150400,1237.6038,1.295104,0.0972,0.1282,0.0417,0.9605,0.9359,0.9481,0,0,0,0,0,432,424
table_en_09,res_20,res,table,en,0.0,0.2,340,440,340,440,149600,1468.5095,2.521787,0.2432,0.2162,0.2432,1.0,1.0,1.0,0,0,0,0,0,222,222
invoice_cs_01,res_18,res,invoice,cs,0.0,0.18,306,396,306,396,121176,2476.1019,1.969867,0.6213,0.8506,0.377,0.7882,0.7701,0.7791,0,1,1,0,0,616,589
invoice_cs_02,res_18,res,invoice,cs,0.0,0.18,270,360,270,360,97200,2211.4204,1.684555,0.0986,0.3049,0.0986,0.7215,0.6951,0.7081,0,0,0,0,0,584,548
invoice_cs_03,res_18,res,invoice,cs,0.0,0.18,342,450,342,450,153900,2860.8083,2.982723,0.5011,0.5968,0.0542,0.9516,0.9516,0.9516,0,1,1,0,0,449,443
invoice_cs_04,res_18,res,invoice,cs,0.0,0.18,288,423,288,423,121824,2121.6826,1.57001,0.1306,0.2468,0.0243,0.8421,0.8312,0.8366,0,0,0,0,0,542,529
invoice_cs_05,res_18,res,invoice,cs,0.0,0.18,306,396,306,396,121176,2505.9413,2.470902,0.0142,0.0484,-0.1161,0.9516,0.9516,0.9516,0,0,0,0,1,428,422
invoice_cs_06,res_18,res,invoice,cs,0.0,0.18,270,360,270,360,97200,1458.4939,1.239923,0.7143,0.8272,0.4821,0.5294,0.2222,0.313,0,1,1,0,0,566,235
invoice_en_01,res_18,res,invoice,en,0.0,0.18,288,423,288,423,121824,4350.704,2.818531,0.0031,0.0204,0.0015,0.9796,0.9796,0.9796,0,0,0,0,1,653,647
invoice_en_02,res_18,res,invoice,en,0.0,0.18,306,396,306,396,121176,3860.8125,2.403515,0.0901,0.0741,0.0338,1.0,1.0,1.0,0,0,0,0,0,539,533
invoice_en_03,res_18,res,invoice,en,0.0,0.18,270,360,270,360,97200,1529.3995,1.018009,0.0336,0.1538,0.0336,0.8556,0.8462,0.8508,0,0,0,0,0,601,584
invoice_en_04,res_18,res,invoice,en,0.0,0.18,342,450,342,450,153900,1732.4629,2.083055,0.189,0.2308,0.189,0.9744,0.9744,0.9744,0,0,0,0,0,514,508
invoice_en_05,res_18,res,invoice,en,0.0,0.18,288,423,288,423,121824,2654.8857,2.140157,0.0017,0.0114,-0.1026,0.9886,0.9886,0.9886,0,0,0,0,1,581,575
invoice_en_06,res_18,res,invoice,en,0.0,0.18,306,396,306,396,121176,1198.8159,0.865616,0.3926,0.4943,0.2535,0.7969,0.5862,0.6755,0,1,1,0,0,574,408
invoice_en_07,res_18,res,invoice,en,0.0,0.18,270,360,270,360,97200,1522.8118,0.93861,0.1581,0.2755,0.1581,0.8333,0.7653,0.7979,0,0,0,0,0,651,585
invoice_en_08,res_18,res,invoice,en,0.0,0.18,342,450,342,450,153900,2716.2547,2.410853,0.132,0.1648,0.132,0.989,0.989,0.989,0,0,0,0,0,612,606
invoice_en_09,res_18,res,invoice,en,0.0,0.18,288,423,288,423,121824,2086.414,2.049854,0.0647,0.0704,0.0625,0.9857,0.9718,0.9787,0,0,0,0,0,470,461
mixed_cs_01,res_18,res,mixed,cs,0.0,0.18,288,423,288,423,121824,3823.7111,2.710715,0.0173,0.1071,0.0139,0.8929,0.8929,0.8929,0,0,0,0,1,577,577
mixed_cs_02,res_18,res,mixed,cs,0.0,0.18,306,396,306,396,121176,2497.1434,1.505026,0.2549,0.3085,0.013,0.8723,0.8723,0.8723,0,0,0,0,0,616,613
mixed_cs_03,res_18,res,mixed,cs,0.0,0.18,270,360,270,360,97200,3803.4535,1.511076,0.0253,0.1014,0.0253,0.8986,0.8986,0.8986,0,0,0,0,0,871,868
mixed_cs_04,res_18,res,mixed,cs,0.0,0.18,342,450,342,450,153900,1176.1416,0.994952,0.3871,0.5966,0.2387,0.5532,0.437,0.4883,0,1,1,0,0,775,569
mixed_cs_05,res_18,res,mixed,cs,0.0,0.18,288,423,288,423,121824,1657.0444,1.196842,0.2616,0.5579,0.2616,0.5309,0.4526,0.4886,0,0,0,0,0,669,558
mixed_cs_06,res_18,res,mixed,cs,0.0,0.18,306,396,306,396,121176,1314.7049,0.600996,0.5714,0.6746,0.5714,0.5753,0.3333,0.4221,0,1,1,0,0,868,427
mixed_en_01,res_18,res,mixed,en,0.0,0.18,342,450,342,450,153900,615.1733,0.57192,0.6138,0.6667,0.5925,0.8431,0.3413,0.4859,0,1,1,0,0,751,299
mixed_en_02,res_18,res,mixed,en,0.0,0.18,288,423,288,423,121824,3607.8689,2.342128,0.0015,0.0088,0.0015,0.9912,0.9912,0.9912,0,0,0,0,1,682,682
mixed_en_03,res_18,res,mixed,en,0.0,0.18,306,396,306,396,121176,1328.7761,1.149225,0.2041,0.3103,0.0176,0.8962,0.819,0.8559,0,0,0,0,0,740,669
mixed_en_04,res_18,res,mixed,en,0.0,0.18,270,360,270,360,97200,1836.8191,1.206961,0.2254,0.2784,0.2254,0.9529,0.8351,0.8901,0,0,0,0,0,661,586
mixed_en_05,res_18,res,mixed,en,0.0,0.18,342,450,342,450,153900,807.9803,0.608446,0.3537,0.4397,0.1644,0.8235,0.5957,0.6914,0,1,1,0,0,882,600
mixed_en_06,res_18,res,mixed,en,0.0,0.18,288,423,288,423,121824,1571.1795,1.331117,0.0275,0.07,0.0275,0.9588,0.93,0.9442,0,0,0,0,0,619,605
mixed_en_07,res_18,res,mixed,en,0.0,0.18,306,396,306,396,121176,3030.5366,1.971733,0.0012,0.0164,0.0012,0.9917,0.9836,0.9877,0,0,0,0,1,802,801
mixed_en_08,res_18,res,mixed,en,0.0,0.18,270,360,270,360,97200,4147.4162,2.930038,0.1439,0.1538,0.0,1.0,1.0,1.0,0,0,0,0,0,431,431
mixed_en_09,res_18,res,mixed,en,0.0,0.18,342,450,342,450,153900,1693.8051,1.06877,0.013,0.05,-0.1065,0.9708,0.95,0.9603,0,0,0,0,1,920,908
prose_cs_01,res_18,res,prose,cs,0.0,0.18,342,450,342,450,153900,5235.7888,1.933679,0.0258,0.107,0.0258,0.8963,0.893,0.8946,0,0,0,0,0,1864,1840
prose_cs_02,res_18,res,prose,cs,0.0,0.18,288,423,288,423,121824,4245.3045,1.088672,0.2965,0.5348,0.2965,0.6066,0.4684,0.5286,0,0,0,0,0,2206,1647
prose_cs_03,res_18,res,prose,cs,0.0,0.18,306,396,306,396,121176,2226.3112,0.660705,0.447,0.6545,0.447,0.4809,0.3577,0.4103,0,1,1,0,0,1709,1024
prose_cs_04,res_18,res,prose,cs,0.0,0.18,270,360,270,360,97200,2610.9451,1.905833,0.113,0.3537,0.113,0.6709,0.6463,0.6584,0,0,0,0,0,602,565
prose_cs_05,res_18,res,prose,cs,0.0,0.18,342,450,342,450,153900,5264.5935,0.880329,0.5915,0.7906,0.5915,0.4766,0.2245,0.3052,0,1,1,0,0,5011,2191
prose_cs_06,res_18,res,prose,cs,0.0,0.18,288,423,288,423,121824,7865.5076,2.832636,0.0027,0.0191,0.0027,0.9809,0.9809,0.9809,0,0,0,0,1,1104,1104
prose_en_01,res_18,res,prose,en,0.0,0.18,270,360,270,360,97200,7503.9576,2.189965,0.0,0.0,0.0,1.0,1.0,1.0,0,0,0,1,1,972,972
prose_en_02,res_18,res,prose,en,0.0,0.18,342,450,342,450,153900,5050.6465,0.713652,0.0181,0.0406,0.0181,0.9675,0.9594,0.9634,0,0,0,0,1,4649,4584
prose_en_03,res_18,res,prose,en,0.0,0.18,288,423,288,423,121824,5402.707,0.752527,0.1714,0.2249,0.1714,0.9064,0.7765,0.8364,0,0,0,0,0,4550,3778
prose_en_04,res_18,res,prose,en,0.0,0.18,306,396,306,396,121176,3126.3102,1.200564,0.0028,0.0138,0.0028,0.9862,0.9862,0.9862,0,0,0,0,1,1450,1450
prose_en_05,res_18,res,prose,en,0.0,0.18,270,360,270,360,97200,1601.2122,0.683112,0.0387,0.0508,0.0387,0.9912,0.9492,0.9697,0,0,0,0,0,775,745
prose_en_06,res_18,res,prose,en,0.0,0.18,342,450,342,450,153900,4700.9294,1.33112,0.0,0.0,0.0,1.0,1.0,1.0,0,0,0,1,1,2174,2174
prose_en_07,res_18,res,prose,en,0.0,0.18,288,423,288,423,121824,4580.3389,1.304764,0.0016,0.0104,0.0016,0.9896,0.9896,0.9896,0,0,0,0,1,1923,1920
prose_en_08,res_18,res,prose,en,0.0,0.18,306,396,306,396,121176,9157.7963,2.681806,0.0,0.0,-0.0006,1.0,1.0,1.0,0,0,0,1,1,1606,1606
prose_en_09,res_18,res,prose,en,0.0,0.18,270,360,270,360,97200,7749.7712,1.379521,0.0005,0.0035,0.0005,0.9965,0.9965,0.9965,0,0,0,0,1,1895,1894
table_cs_01,res_18,res,table,cs,0.0,0.18,270,360,270,360,97200,1577.2446,0.944156,0.2229,0.3636,0.1022,0.7538,0.6364,0.6901,0,0,0,0,0,489,398
table_cs_02,res_18,res,table,cs,0.0,0.18,342,450,342,450,153900,1715.8313,2.380959,0.2043,0.2407,0.1734,0.9444,0.9444,0.9444,0,0,0,0,0,323,323
table_cs_03,res_18,res,table,cs,0.0,0.18,288,423,288,423,121824,992.183,1.273308,0.4558,0.6415,0.151,0.6667,0.566,0.6122,0,1,1,0,0,351,306
table_cs_04,res_18,res,table,cs,0.0,0.18,306,396,306,396,121176,2093.5177,2.631191,0.0314,0.0566,-0.0453,0.9811,0.9811,0.9811,0,0,0,0,0,287,287
table_cs_05,res_18,res,table,cs,0.0,0.18,270,360,270,360,97200,3706.9295,1.862438,0.019,0.1209,0.019,0.8791,0.8791,0.8791,0,0,0,0,1,579,579
table_cs_06,res_18,res,table,cs,0.0,0.18,342,450,342,450,153900,1152.1221,2.258722,0.0773,0.1351,0.0773,0.9189,0.9189,0.9189,0,0,0,0,0,207,207
table_en_01,res_18,res,table,en,0.0,0.18,306,396,306,396,121176,2624.6053,2.730319,0.0027,0.0159,-0.0452,0.9841,0.9841,0.9841,0,0,0,0,1,376,376
table_en_02,res_18,res,table,en,0.0,0.18,270,360,270,360,97200,1863.7952,1.922204,0.0389,0.0746,0.0389,0.9846,0.9552,0.9697,0,0,0,0,0,411,405
table_en_03,res_18,res,table,en,0.0,0.18,342,450,342,450,153900,2434.7114,2.360163,0.1095,0.1196,0.1095,0.9891,0.9891,0.9891,0,0,0,0,0,539,539
table_en_04,res_18,res,table,en,0.0,0.18,288,423,288,423,121824,1263.5635,1.72941,0.0226,0.0698,0.0226,0.9524,0.9302,0.9412,0,0,0,0,0,265,260
table_en_05,res_18,res,table,en,0.0,0.18,306,396,306,396,121176,1329.2138,2.171637,0.6203,0.7381,-0.0075,0.9762,0.9762,0.9762,0,1,1,0,0,266,266
table_en_06,res_18,res,table,en,0.0,0.18,270,360,270,360,97200,2543.1194,2.820429,0.0,0.0,0.0,1.0,1.0,1.0,0,0,0,1,1,319,319
table_en_07,res_18,res,table,en,0.0,0.18,342,450,342,450,153900,632.762,1.490704,0.2179,0.2381,-0.0043,1.0,0.9524,0.9756,0,0,0,0,0,234,225
table_en_08,res_18,res,table,en,0.0,0.18,288,423,288,423,121824,1059.414,1.108635,0.1713,0.2564,0.1157,0.9219,0.7564,0.831,0,0,0,0,0,432,365
table_en_09,res_18,res,table,en,0.0,0.18,306,396,306,396,121176,1451.6872,2.492899,0.009,0.0541,0.009,0.9459,0.9459,0.9459,0,0,0,0,1,222,222
invoice_cs_01,res_16,res,invoice,cs,0.0,0.16,272,352,272,352,95744,2168.2023,1.724917,0.6459,0.8276,0.4016,0.6508,0.4713,0.5467,0,1,1,0,0,616,427
invoice_cs_02,res_16,res,invoice,cs,0.0,0.16,240,320,240,320,76800,1971.4721,1.501774,0.5813,0.8171,0.5813,0.5254,0.378,0.4397,0,1,1,0,0,584,414
invoice_cs_03,res_16,res,invoice,cs,0.0,0.16,304,400,304,400,121600,2459.8486,2.564676,0.4786,0.5645,0.0316,0.9194,0.9194,0.9194,0,1,1,0,0,449,443
invoice_cs_04,res_16,res,invoice,cs,0.0,0.16,256,376,256,376,96256,1795.0479,1.328305,0.6231,0.8571,0.5168,0.6812,0.6104,0.6438,0,1,1,0,0,542,474
invoice_cs_05,res_16,res,invoice,cs,0.0,0.16,272,352,272,352,95744,2198.2021,2.167466,0.0569,0.2097,-0.0735,0.7903,0.7903,0.7903,0,0,0,0,0,428,418
invoice_cs_06,res_16,res,invoice,cs,0.0,0.16,240,320,240,320,76800,1309.1203,1.112935,0.8714,0.963,0.6393,0.3125,0.0617,0.1031,0,1,1,0,0,566,91
invoice_en_01,res_16,res,invoice,en,0.0,0.16,256,376,256,376,96256,3650.5123,2.364924,0.0046,0.0306,0.0031,0.9694,0.9694,0.9694,0,0,0,0,1,653,647
invoice_en_02,res_16,res,invoice,en,0.0,0.16,272,352,272,352,95744,3433.4206,2.137446,0.0619,0.0617,0.0056,1.0,0.9877,0.9938,0,0,0,0,0,539,530
invoice_en_03,res_16,res,invoice,en,0.0,0.16,240,320,240,320,76800,1259.3248,0.83824,0.4941,0.6044,0.4941,0.6923,0.3956,0.5035,0,1,1,0,0,601,311
invoice_en_04,res_16,res,invoice,en,0.0,0.16,304,400,304,400,121600,1440.6714,1.732215,0.0689,0.141,0.0689,0.9306,0.859,0.8933,0,0,0,0,0,514,475
invoice_en_05,res_16,res,invoice,en,0.0,0.16,256,376,256,376,96256,2155.8237,1.737853,0.0522,0.1023,-0.0522,0.9518,0.8977,0.924,0,0,0,0,0,581,548
invoice_en_06,res_16,res,invoice,en,0.0,0.16,272,352,272,352,95744,1044.5845,0.754252,0.8327,0.954,0.6937,0.5652,0.1494,0.2364,0,1,1,0,0,574,136
invoice_en_07,res_16,res,invoice,en,0.0,0.16,240,320,240,320,76800,1365.0557,0.841374,0.5612,0.7143,0.5612,0.6304,0.2959,0.4028,0,1,1,0,0,651,307
invoice_en_08,res_16,res,invoice,en,0.0,0.16,304,400,304,400,121600,2324.1422,2.062828,0.0083,0.0549,0.0083,0.9451,0.9451,0.9451,0,0,0,0,1,612,606
invoice_en_09,res_16,res,invoice,en,0.0,0.16,256,376,256,376,96256,1700.8341,1.671031,0.3944,0.4225,0.3922,0.9692,0.8873,0.9265,0,1,1,0,0,470,437
mixed_cs_01,res_16,res,mixed,cs,0.0,0.16,256,376,256,376,96256,3308.3766,2.345383,0.0277,0.1429,0.0243,0.8571,0.8571,0.8571,0,0,0,0,0,577,576
mixed_cs_02,res_16,res,mixed,cs,0.0,0.16,272,352,272,352,95744,2025.3725,1.22069,0.2825,0.4149,0.0406,0.6966,0.6596,0.6776,0,0,0,0,0,616,577
mixed_cs_03,res_16,res,mixed,cs,0.0,0.16,240,320,240,320,76800,3189.8259,1.267288,0.1137,0.3116,0.1137,0.7197,0.6884,0.7037,0,0,0,0,0,871,804
mixed_cs_04,res_16,res,mixed,cs,0.0,0.16,304,400,304,400,121600,988.4575,0.836181,0.8206,0.916,0.6723,0.44,0.0924,0.1528,0,1,1,0,0,775,151
mixed_cs_05,res_16,res,mixed,cs,0.0,0.16,256,376,256,376,96256,1376.311,0.994075,0.849,0.9158,0.849,0.4706,0.0842,0.1429,0,1,1,0,0,669,111
mixed_cs_06,res_16,res,mixed,cs,0.0,0.16,272,352,272,352,95744,1139.4371,0.520875,0.6912,0.8254,0.6912,0.434,0.1825,0.257,0,1,1,0,0,868,304
mixed_en_01,res_16,res,mixed,en,0.0,0.16,304,400,304,400,121600,590.1274,0.548635,0.9601,0.9762,0.9387,0.6,0.0238,0.0458,0,1,1,0,0,751,30
mixed_en_02,res_16,res,mixed,en,0.0,0.16,256,376,256,376,96256,3134.481,2.034818,0.0029,0.0177,0.0029,0.9823,0.9823,0.9823,0,0,0,0,1,682,681
mixed_en_03,res_16,res,mixed,en,0.0,0.16,272,352,272,352,95744,1076.6859,0.931199,0.6203,0.6724,0.4338,0.8636,0.3276,0.475,0,1,1,0,0,740,285
mixed_en_04,res_16,res,mixed,en,0.0,0.16,240,320,240,320,76800,1731.2968,1.137623,0.4402,0.4845,0.4402,0.963,0.5361,0.6887,0,1,1,0,0,661,379
mixed_en_05,res_16,res,mixed,en,0.0,0.16,304,400,304,400,121600,723.0621,0.544498,0.9739,0.9716,0.7846,1.0,0.0284,0.0552,0,1,1,0,0,882,23
mixed_en_06,res_16,res,mixed,en,0.0,0.16,256,376,256,376,96256,1376.5073,1.166189,0.252,0.29,0.252,0.9467,0.71,0.8114,0,0,0,0,0,619,468
mixed_en_07,res_16,res,mixed,en,0.0,0.16,272,352,272,352,95744,2634.3883,1.71399,0.005,0.0246,0.005,0.9754,0.9754,0.9754,0,0,0,0,1,802,799
mixed_en_08,res_16,res,mixed,en,0.0,0.16,240,320,240,320,76800,3576.3982,2.526629,0.1439,0.1538,0.0,1.0,1.0,1.0,0,0,0,0,0,431,431
mixed_en_09,res_16,res,mixed,en,0.0,0.16,304,400,304,400,121600,1440.6907,0.909058,0.2174,0.2929,0.0978,0.9213,0.8357,0.8764,0,0,0,0,0,920,838
prose_cs_01,res_16,res,prose,cs,0.0,0.16,304,400,304,400,121600,4530.9421,1.673365,0.1186,0.3173,0.1186,0.743,0.6827,0.7115,0,0,0,0,0,1864,1698
prose_cs_02,res_16,res,prose,cs,0.0,0.16,256,376,256,376,96256,3592.8872,0.921366,0.8481,0.9399,0.8481,0.274,0.0633,0.1028,0,1,1,0,0,2206,391
prose_cs_03,res_16,res,prose,cs,0.0,0.16,272,352,272,352,95744,1854.6879,0.550418,0.8525,0.9268,0.8525,0.3958,0.0772,0.1293,0,1,1,0,0,1709,276
prose_cs_04,res_16,res,prose,cs,0.0,0.16,240,320,240,320,76800,2231.4566,1.628829,0.5365,0.6951,0.5365,0.56,0.3415,0.4242,0,1,1,0,0,602,304
prose_cs_05,res_16,res,prose,cs,0.0,0.16,304,400,304,400,121600,4360.6322,0.729171,0.9529,0.9669,0.9529,0.5581,0.0331,0.0624,0,1,1,0,0,5011,242
prose_cs_06,res_16,res,prose,cs,0.0,0.16,256,376,256,376,96256,6764.9844,2.436301,0.0181,0.0955,0.0181,0.9045,0.9045,0.9045,0,0,0,0,1,1104,1103
prose_en_01,res_16,res,prose,en,0.0,0.16,240,320,240,320,76800,6198.0548,1.808848,0.0,0.0,0.0,1.0,1.0,1.0,0,0,0,1,1,972,972
prose_en_02,res_16,res,prose,en,0.0,0.16,304,400,304,400,121600,4151.9542,0.586668,0.2773,0.3263,0.2773,0.8965,0.6793,0.7729,0,0,0,0,0,4649,3382
prose_en_03,res_16,res,prose,en,0.0,0.16,256,376,256,376,96256,4518.0847,0.629311,0.9108,0.9198,0.9108,0.7778,0.0802,0.1455,0,1,1,0,0,4550,407
prose_en_04,res_16,res,prose,en,0.0,0.16,272,352,272,352,95744,2709.9226,1.040663,0.0441,0.0507,0.0441,0.9628,0.9539,0.9583,0,0,0,0,0,1450,1399
prose_en_05,res_16,res,prose,en,0.0,0.16,240,320,240,320,76800,1336.0373,0.569982,0.409,0.4661,0.409,0.875,0.5339,0.6632,0,1,1,0,0,775,459
prose_en_06,res_16,res,prose,en,0.0,0.16,304,400,304,400,121600,3996.9125,1.13177,0.0032,0.0154,0.0032,0.9846,0.9846,0.9846,0,0,0,0,1,2174,2168
prose_en_07,res_16,res,prose,en,0.0,0.16,256,376,256,376,96256,3927.8182,1.118886,0.0125,0.0484,0.0125,0.9582,0.9516,0.9549,0,0,0,0,1,1923,1900
prose_en_08,res_16,res,prose,en,0.0,0.16,272,352,272,352,95744,7838.4738,2.295451,0.0006,0.0041,0.0,0.9959,0.9959,0.9959,0,0,0,0,1,1606,1606
prose_en_09,res_16,res,prose,en,0.0,0.16,240,320,240,320,76800,6354.94,1.13123,0.0032,0.0173,0.0032,0.9827,0.9827,0.9827,0,0,0,0,1,1895,1891
table_cs_01,res_16,res,table,cs,0.0,0.16,240,320,240,320,76800,1384.4054,0.82872,0.544,0.6234,0.4233,0.6905,0.3766,0.4874,0,1,1,0,0,489,238
table_cs_02,res_16,res,table,cs,0.0,0.16,304,400,304,400,121600,1497.5377,2.078045,0.0341,0.1111,0.0031,0.9057,0.8889,0.8972,0,0,0,0,0,323,318
table_cs_03,res_16,res,table,cs,0.0,0.16,256,376,256,376,96256,819.1069,1.051192,0.661,0.7547,0.3561,0.4828,0.2642,0.3415,0,1,1,0,0,351,178
table_cs_04,res_16,res,table,cs,0.0,0.16,272,352,272,352,95744,1699.8684,2.136442,0.1707,0.2453,0.0941,0.9057,0.9057,0.9057,0,0,0,0,0,287,287
table_cs_05,res_16,res,table,cs,0.0,0.16,240,320,240,320,76800,3108.8402,1.561946,0.1157,0.2967,0.1157,0.7778,0.7692,0.7735,0,0,0,0,0,579,575
table_cs_06,res_16,res,table,cs,0.0,0.16,304,400,304,400,121600,920.3684,1.804371,0.2995,0.4865,0.2995,0.6757,0.6757,0.6757,0,0,0,0,0,207,207
table_en_01,res_16,res,table,en,0.0,0.16,272,352,272,352,95744,2339.452,2.43368,0.1543,0.1587,0.1064,1.0,1.0,1.0,0,0,0,0,0,376,376
table_en_02,res_16,res,table,en,0.0,0.16,240,320,240,320,76800,1632.557,1.68372,0.0633,0.1642,0.0633,0.9032,0.8358,0.8682,0,0,0,0,0,411,389
table_en_03,res_16,res,table,en,0.0,0.16,304,400,304,400,121600,2115.0949,2.050333,0.1577,0.1522,0.1577,0.9888,0.9565,0.9724,0,0,0,0,0,539,526
table_en_04,res_16,res,table,en,0.0,0.16,256,376,256,376,96256,1078.2943,1.475837,0.3358,0.5349,0.3358,0.7674,0.7674,0.7674,0,1,1,0,0,265,244
table_en_05,res_16,res,table,en,0.0,0.16,272,352,272,352,95744,1167.6786,1.907725,0.6128,0.6905,-0.015,0.8929,0.5952,0.7143,0,1,1,0,0,266,186
table_en_06,res_16,res,table,en,0.0,0.16,240,320,240,320,76800,2220.6843,2.462835,0.0125,0.0192,0.0125,1.0,0.9808,0.9903,0,0,0,0,1,319,315
table_en_07,res_16,res,table,en,0.0,0.16,304,400,304,400,121600,570.158,1.343217,0.3504,0.5,0.1282,0.75,0.5,0.6,0,1,1,0,0,234,159
table_en_08,res_16,res,table,en,0.0,0.16,256,376,256,376,96256,922.1802,0.965026,0.7407,0.7949,0.6852,0.8,0.3077,0.4444,0,1,1,0,0,432,167
table_en_09,res_16,res,table,en,0.0,0.16,272,352,272,352,95744,1211.9926,2.081285,0.2072,0.2432,0.2072,0.9412,0.8649,0.9014,0,0,0,0,0,222,207
invoice_cs_01,res_15,res,invoice,cs,0.0,0.15,255,330,255,330,84150,2111.1254,1.679509,0.6984,0.8046,0.4541,0.5909,0.2989,0.3969,0,1,1,0,0,616,310
invoice_cs_02,res_15,res,invoice,cs,0.0,0.15,225,300,225,300,67500,1823.9345,1.389387,0.6453,0.878,0.6453,0.3077,0.1463,0.1983,0,1,1,0,0,584,247
invoice_cs_03,res_15,res,invoice,cs,0.0,0.15,285,375,285,375,106875,2248.9701,2.344811,0.5124,0.629,0.0655,0.9194,0.9194,0.9194,0,1,1,0,0,449,443
invoice_cs_04,res_15,res,invoice,cs,0.0,0.15,240,352,240,352,84480,1668.5456,1.234696,0.625,0.8831,0.5187,0.45,0.3506,0.3942,0,1,1,0,0,542,410
invoice_cs_05,res_15,res,invoice,cs,0.0,0.15,255,330,255,330,84150,2057.6138,2.028843,0.4336,0.7097,0.3033,0.6333,0.6129,0.623,0,1,1,0,0,428,396
invoice_cs_06,res_15,res,invoice,cs,0.0,0.15,225,300,225,300,67500,1195.3159,1.016185,0.9071,0.9506,0.675,0.5,0.0617,0.1099,0,1,1,0,0,566,56
invoice_en_01,res_15,res,invoice,en,0.0,0.15,240,352,240,352,84480,3254.227,2.108197,0.0278,0.0816,0.0263,0.9375,0.9184,0.9278,0,0,0,0,0,653,636
invoice_en_02,res_15,res,invoice,en,0.0,0.15,255,330,255,330,84150,2914.5611,1.814435,0.0038,0.0247,-0.0525,0.9753,0.9753,0.9753,0,0,0,0,1,539,533
invoice_en_03,res_15,res,invoice,en,0.0,0.15,225,300,225,300,67500,1217.8924,0.810662,0.8706,0.956,0.8706,0.3529,0.0659,0.1111,0,1,1,0,0,601,85
invoice_en_04,res_15,res,invoice,en,0.0,0.15,285,375,285,375,106875,1332.5467,1.602209,0.3327,0.4872,0.3327,0.7812,0.641,0.7042,0,1,1,0,0,514,415
invoice_en_05,res_15,res,invoice,en,0.0,0.15,240,352,240,352,84480,2233.2989,1.800307,0.1252,0.2273,0.0209,0.8718,0.7727,0.8193,0,0,0,0,0,581,510
invoice_en_06,res_15,res,invoice,en,0.0,0.15,255,330,255,330,84150,954.8383,0.68945,0.8768,0.9655,0.7377,0.5,0.092,0.1553,0,1,1,0,0,574,85
invoice_en_07,res_15,res,invoice,en,0.0,0.15,225,300,225,300,67500,1198.7886,0.738893,0.9008,0.9592,0.9008,0.2667,0.0408,0.0708,0,1,1,0,0,651,72
invoice_en_08,res_15,res,invoice,en,0.0,0.15,285,375,285,375,106875,2071.7545,1.838817,0.0215,0.1099,0.0215,0.9,0.8901,0.895,0,0,0,0,0,612,598
invoice_en_09,res_15,res,invoice,en,0.0,0.15,240,352,240,352,84480,1773.4423,1.742367,0.0776,0.1268,0.0754,0.9538,0.8732,0.9118,0,0,0,0,0,470,430
mixed_cs_01,res_15,res,mixed,cs,0.0,0.15,240,352,240,352,84480,3005.0821,2.13037,0.0485,0.2143,0.0451,0.7857,0.7857,0.7857,0,0,0,0,0,577,575
mixed_cs_02,res_15,res,mixed,cs,0.0,0.15,255,330,255,330,84150,1814.9863,1.093891,0.3198,0.5319,0.0779,0.65,0.5532,0.5977,0,1,1,0,0,616,515
mixed_cs_03,res_15,res,mixed,cs,0.0,0.15,225,300,225,300,67500,2828.4472,1.123715,0.2388,0.4565,0.2388,0.641,0.5435,0.5882,0,0,0,0,0,871,705
mixed_cs_04,res_15,res,mixed,cs,0.0,0.15,285,375,285,375,106875,917.3399,0.77602,0.9432,0.9748,0.7948,0.3333,0.0252,0.0469,0,1,1,0,0,775,47
mixed_cs_05,res_15,res,mixed,cs,0.0,0.15,240,352,240,352,84480,1253.6918,0.905511,1.0,1.0,1.0,0.0,0.0,0.0,1,0,1,0,0,669,0
mixed_cs_06,res_15,res,mixed,cs,0.0,0.15,255,330,255,330,84150,1095.9175,0.500981,0.9608,0.9683,0.9608,0.4545,0.0397,0.073,0,1,1,0,0,868,45
mixed_en_01,res_15,res,mixed,en,0.0,0.15,285,375,285,375,106875,524.1236,0.487272,0.9694,0.9921,0.9481,0.3333,0.0079,0.0155,0,1,1,0,0,751,23
mixed_en_02,res_15,res,mixed,en,0.0,0.15,240,352,240,352,84480,2847.5517,1.848551,0.0191,0.0442,0.0191,0.9643,0.9558,0.96,0,0,0,0,1,682,672
mixed_en_03,res_15,res,mixed,en,0.0,0.15,255,330,255,330,84150,992.9304,0.858761,0.9662,0.9741,0.7797,1.0,0.0259,0.0504,0,1,1,0,0,740,25
mixed_en_04,res_15,res,mixed,en,0.0,0.15,225,300,225,300,67500,1523.0507,1.000786,0.6142,0.6392,0.6142,0.8974,0.3608,0.5147,0,1,1,0,0,661,267
mixed_en_05,res_15,res,mixed,en,0.0,0.15,285,375,285,375,106875,703.307,0.529622,0.9773,0.9787,0.788,0.75,0.0213,0.0414,0,1,1,0,0,882,20
mixed_en_06,res_15,res,mixed,en,0.0,0.15,240,352,240,352,84480,1241.9187,1.052165,0.4572,0.49,0.4572,0.9273,0.51,0.6581,0,1,1,0,0,619,338
mixed_en_07,res_15,res,mixed,en,0.0,0.15,255,330,255,330,84150,2430.7841,1.581521,0.02,0.0656,0.02,0.9661,0.9344,0.95,0,0,0,0,1,802,788
mixed_en_08,res_15,res,mixed,en,0.0,0.15,225,300,225,300,67500,3365.0544,2.37732,0.1462,0.1692,0.0023,0.9846,0.9846,0.9846,0,0,0,0,0,431,431
mixed_en_09,res_15,res,mixed,en,0.0,0.15,285,375,285,375,106875,1284.6517,0.810599,0.2076,0.3429,0.088,0.8174,0.6714,0.7373,0,0,0,0,0,920,742
prose_cs_01,res_15,res,prose,cs,0.0,0.15,285,375,285,375,106875,4096.9266,1.513075,0.2575,0.4982,0.2575,0.621,0.5018,0.5551,0,0,0,0,0,1864,1435
prose_cs_02,res_15,res,prose,cs,0.0,0.15,240,352,240,352,84480,3362.0693,0.862174,0.9742,0.9842,0.9742,0.4167,0.0158,0.0305,0,1,1,0,0,2206,57
prose_cs_03,res_15,res,prose,cs,0.0,0.15,255,330,255,330,84150,1751.9672,0.519933,0.9906,0.9919,0.9906,0.5,0.0081,0.016,0,1,1,0,0,1709,16
prose_cs_04,res_15,res,prose,cs,0.0,0.15,225,300,225,300,67500,2059.7785,1.503515,0.7924,0.8659,0.7924,0.5714,0.1463,0.233,0,1,1,0,0,602,131
prose_cs_05,res_15,res,prose,cs,0.0,0.15,285,375,285,375,106875,3980.0673,0.665535,0.9972,1.0,0.9972,0.0,0.0,0.0,0,1,1,0,0,5011,15
prose_cs_06,res_15,res,prose,cs,0.0,0.15,240,352,240,352,84480,6338.809,2.28282,0.029,0.1656,0.029,0.8397,0.8344,0.8371,0,0,0,0,0,1104,1102
prose_en_01,res_15,res,prose,en,0.0,0.15,225,300,225,300,67500,5421.116,1.582106,0.0,0.0,0.0,1.0,1.0,1.0,0,0,0,1,1,972,972
prose_en_02,res_15,res,prose,en,0.0,0.15,285,375,285,375,106875,3864.2862,0.54602,0.7546,0.8011,0.7546,0.7967,0.2031,0.3237,0,1,1,0,0,4649,1148
prose_en_03,res_15,res,prose,en,0.0,0.15,240,352,240,352,84480,4272.622,0.595121,0.9945,0.9957,0.9945,1.0,0.0043,0.0086,0,1,1,0,0,4550,25
prose_en_04,res_15,res,prose,en,0.0,0.15,255,330,255,330,84150,2453.0649,0.942025,0.3979,0.4516,0.3979,0.7778,0.5484,0.6432,0,1,1,0,0,1450,932
prose_en_05,res_15,res,prose,en,0.0,0.15,225,300,225,300,67500,1259.1386,0.537176,0.8103,0.822,0.8103,0.7778,0.178,0.2897,0,1,1,0,0,775,147
prose_en_06,res_15,res,prose,en,0.0,0.15,285,375,285,375,106875,3581.0034,1.014001,0.0083,0.0309,0.0083,0.9721,0.9691,0.9706,0,0,0,0,1,2174,2157
prose_en_07,res_15,res,prose,en,0.0,0.15,240,352,240,352,84480,3517.514,1.002006,0.2616,0.3356,0.2616,0.8694,0.6678,0.7554,0,0,0,0,0,1923,1459
prose_en_08,res_15,res,prose,en,0.0,0.15,255,330,255,330,84150,7348.2138,2.151881,0.0,0.0,-0.0006,1.0,1.0,1.0,0,0,0,1,1,1606,1606
prose_en_09,res_15,res,prose,en,0.0,0.15,225,300,225,300,67500,5440.9809,0.968538,0.0401,0.083,0.0401,0.9236,0.9204,0.922,0,0,0,0,0,1895,1856
table_cs_01,res_15,res,table,cs,0.0,0.15,225,300,225,300,67500,1261.4832,0.755138,0.7526,0.8831,0.6319,0.3214,0.1169,0.1714,0,1,1,0,0,489,137
table_cs_02,res_15,res,table,cs,0.0,0.15,285,375,285,375,106875,1355.7108,1.881241,0.161,0.3148,0.13,0.7736,0.7593,0.7664,0,0,0,0,0,323,316
table_cs_03,res_15,res,table,cs,0.0,0.15,240,352,240,352,84480,728.3328,0.934698,0.8832,0.8679,0.5783,0.875,0.1321,0.2295,0,1,1,0,0,351,45
table_cs_04,res_15,res,table,cs,0.0,0.15,255,330,255,330,84150,1591.1917,1.999854,0.0836,0.2453,0.007,0.7843,0.7547,0.7692,0,0,0,0,0,287,274
table_cs_05,res_15,res,table,cs,0.0,0.15,225,300,225,300,67500,2877.1097,1.445519,0.1503,0.2418,0.1503,0.8415,0.7582,0.7977,0,0,0,0,0,579,507
table_cs_06,res_15,res,table,cs,0.0,0.15,285,375,285,375,106875,912.7352,1.789406,0.372,0.5135,0.372,0.7568,0.7568,0.7568,0,1,1,0,0,207,206
table_en_01,res_15,res,table,en,0.0,0.15,255,330,255,330,84150,2164.7447,2.251936,0.1729,0.2063,0.125,0.9355,0.9206,0.928,0,0,0,0,0,376,371
table_en_02,res_15,res,table,en,0.0,0.15,225,300,225,300,67500,1527.4759,1.575345,0.3479,0.4627,0.3479,0.8182,0.5373,0.6486,0,1,1,0,0,411,277
table_en_03,res_15,res,table,en,0.0,0.15,285,375,285,375,106875,2057.531,1.994531,0.1985,0.25,0.1985,0.9091,0.8696,0.8889,0,0,0,0,0,539,518
table_en_04,res_15,res,table,en,0.0,0.15,240,352,240,352,84480,997.0708,1.364668,0.3321,0.4884,0.3321,0.8125,0.6047,0.6933,0,1,1,0,0,265,203
table_en_05,res_15,res,table,en,0.0,0.15,255,330,255,330,84150,1095.1204,1.789181,0.5789,0.6905,-0.0489,0.6786,0.4524,0.5429,0,1,1,0,0,266,178
table_en_06,res_15,res,table,en,0.0,0.15,225,300,225,300,67500,2057.1102,2.281424,0.0031,0.0192,0.0031,0.9808,0.9808,0.9808,0,0,0,0,1,319,319
table_en_07,res_15,res,table,en,0.0,0.15,285,375,285,375,106875,496.6727,1.170096,0.6752,0.7619,0.453,0.9333,0.3333,0.4912,0,1,1,0,0,234,83
table_en_08,res_15,res,table,en,0.0,0.15,240,352,240,352,84480,819.8173,0.857907,0.8472,0.8974,0.7917,0.6,0.1154,0.1935,0,1,1,0,0,432,72
table_en_09,res_15,res,table,en,0.0,0.15,255,330,255,330,84150,1082.5827,1.859057,0.5631,0.6757,0.5631,0.8462,0.5946,0.6984,0,1,1,0,0,222,155
invoice_cs_01,res_14,res,invoice,cs,0.0,0.14,238,308,238,308,73304,1890.0518,1.503634,0.8393,0.9425,0.5951,0.4,0.092,0.1495,0,1,1,0,0,616,135
invoice_cs_02,res_14,res,invoice,cs,0.0,0.14,210,280,210,280,58800,1700.7645,1.295562,0.7958,0.939,0.7958,0.2381,0.061,0.0971,0,1,1,0,0,584,121
invoice_cs_03,res_14,res,invoice,cs,0.0,0.14,266,350,266,350,93100,2110.9034,2.20086,0.5102,0.7419,0.0632,0.7213,0.7097,0.7154,0,1,1,0,0,449,433
invoice_cs_04,res_14,res,invoice,cs,0.0,0.14,224,329,224,329,73696,1457.2967,1.078375,0.6175,0.8831,0.5112,0.449,0.2857,0.3492,0,1,1,0,0,542,314
invoice_cs_05,res_14,res,invoice,cs,0.0,0.14,238,308,238,308,73304,1818.6027,1.793174,0.282,0.5323,0.1517,0.6111,0.5323,0.569,0,0,0,0,0,428,343
invoice_cs_06,res_14,res,invoice,cs,0.0,0.14,210,280,210,280,58800,1051.7516,0.894135,0.9875,0.9877,0.7554,1.0,0.0123,0.0244,0,1,1,0,0,566,7
invoice_en_01,res_14,res,invoice,en,0.0,0.14,224,329,224,329,73696,3106.8393,2.012714,0.0556,0.0918,0.0541,0.957,0.9082,0.9319,0,0,0,0,0,653,616
invoice_en_02,res_14,res,invoice,en,0.0,0.14,238,308,238,308,73304,2778.9811,1.73003,0.075,0.1111,0.0188,0.962,0.9383,0.95,0,0,0,0,0,539,525
invoice_en_03,res_14,res,invoice,en,0.0,0.14,210,280,210,280,58800,1149.1144,0.764881,0.9378,0.978,0.9378,0.2222,0.022,0.04,0,1,1,0,0,601,38
invoice_en_04,res_14,res,invoice,en,0.0,0.14,266,350,266,350,93100,1212.0632,1.457344,0.6378,0.8462,0.6378,0.5957,0.359,0.448,0,1,1,0,0,514,300
invoice_en_05,res_14,res,invoice,en,0.0,0.14,224,329,224,329,73696,1857.4545,1.497332,0.2417,0.3636,0.1374,0.8235,0.6364,0.7179,0,0,0,0,0,581,447
invoice_en_06,res_14,res,invoice,en,0.0,0.14,238,308,238,308,73304,891.8766,0.643987,0.956,0.9655,0.8169,0.4286,0.0345,0.0638,0,1,1,0,0,574,29
invoice_en_07,res_14,res,invoice,en,0.0,0.14,210,280,210,280,58800,1178.9785,0.726682,0.9256,0.9694,0.9256,0.3333,0.0408,0.0727,0,1,1,0,0,651,55
invoice_en_08,res_14,res,invoice,en,0.0,0.14,266,350,266,350,93100,1977.2896,1.754973,0.0842,0.1978,0.0842,0.8488,0.8022,0.8249,0,0,0,0,0,612,565
invoice_en_09,res_14,res,invoice,en,0.0,0.14,224,329,224,329,73696,1488.2057,1.462128,0.4267,0.5352,0.4246,0.7917,0.5352,0.6387,0,1,1,0,0,470,325
mixed_cs_01,res_14,res,mixed,cs,0.0,0.14,224,329,224,329,73696,2844.0586,2.016217,0.1092,0.3333,0.1057,0.6914,0.6667,0.6788,0,0,0,0,0,577,546
mixed_cs_02,res_14,res,mixed,cs,0.0,0.14,238,308,238,308,73304,1549.9113,0.93413,0.8019,0.8511,0.5601,0.56,0.1489,0.2353,0,1,1,0,0,616,129
mixed_cs_03,res_14,res,mixed,cs,0.0,0.14,210,280,210,280,58800,2554.6207,1.014927,0.5327,0.6884,0.5327,0.5584,0.3116,0.4,0,1,1,0,0,871,437
mixed_cs_04,res_14,res,mixed,cs,0.0,0.14,266,350,266,350,93100,860.3403,0.727801,1.0,1.0,0.8516,0.0,0.0,0.0,0,1,1,0,0,775,2
mixed_cs_05,res_14,res,mixed,cs,0.0,0.14,224,329,224,329,73696,1226.4179,0.885811,0.9791,0.9895,0.9791,0.3333,0.0105,0.0204,0,1,1,0,0,669,16
mixed_cs_06,res_14,res,mixed,cs,0.0,0.14,238,308,238,308,73304,976.5385,0.446409,0.9942,1.0,0.9942,0.0,0.0,0.0,0,1,1,0,0,868,7
mixed_en_01,res_14,res,mixed,en,0.0,0.14,266,350,266,350,93100,549.1795,0.510566,0.9987,1.0,0.9774,0.0,0.0,0.0,0,1,1,0,0,751,1
mixed_en_02,res_14,res,mixed,en,0.0,0.14,224,329,224,329,73696,2634.2714,1.710096,0.0645,0.1327,0.0645,0.9346,0.885,0.9091,0,0,0,0,0,682,656
mixed_en_03,res_14,res,mixed,en,0.0,0.14,238,308,238,308,73304,922.0626,0.797469,0.9635,0.9741,0.777,0.75,0.0259,0.05,0,1,1,0,0,740,27
mixed_en_04,res_14,res,mixed,en,0.0,0.14,210,280,210,280,58800,1505.6163,0.98933,0.9546,0.9588,0.9546,1.0,0.0412,0.0792,0,1,1,0,0,661,30
mixed_en_05,res_14,res,mixed,en,0.0,0.14,266,350,266,350,93100,690.949,0.520316,1.0,1.0,0.8107,0.0,0.0,0.0,1,0,1,0,0,882,0
mixed_en_06,res_14,res,mixed,en,0.0,0.14,224,329,224,329,73696,1201.4358,1.017867,0.6187,0.63,0.6187,0.95,0.38,0.5429,0,1,1,0,0,619,240
mixed_en_07,res_14,res,mixed,en,0.0,0.14,238,308,238,308,73304,2353.6267,1.531321,0.2444,0.3033,0.2444,0.9533,0.8361,0.8908,0,0,0,0,0,802,702
mixed_en_08,res_14,res,mixed,en,0.0,0.14,210,280,210,280,58800,3105.2057,2.193744,0.1485,0.1692,0.0046,0.9844,0.9692,0.9767,0,0,0,0,0,431,425
mixed_en_09,res_14,res,mixed,en,0.0,0.14,266,350,266,350,93100,1214.9198,0.766599,0.7587,0.8071,0.6391,0.7632,0.2071,0.3258,0,1,1,0,0,920,238
prose_cs_01,res_14,res,prose,cs,0.0,0.14,266,350,266,350,93100,3693.6169,1.364125,0.4045,0.6494,0.4045,0.5134,0.3542,0.4192,0,1,1,0,0,1864,1208
prose_cs_02,res_14,res,prose,cs,0.0,0.14,224,329,224,329,73696,3102.5729,0.795629,0.99,1.0,0.99,0.0,0.0,0.0,0,1,1,0,0,2206,22
prose_cs_03,res_14,res,prose,cs,0.0,0.14,238,308,238,308,73304,1641.8405,0.487251,1.0,1.0,1.0,0.0,0.0,0.0,1,0,1,0,0,1709,0
prose_cs_04,res_14,res,prose,cs,0.0,0.14,210,280,210,280,58800,1794.8738,1.31015,0.9502,0.939,0.9502,0.8333,0.061,0.1136,0,1,1,0,0,602,30
prose_cs_05,res_14,res,prose,cs,0.0,0.14,266,350,266,350,93100,3651.2525,0.610551,1.0,1.0,1.0,0.0,0.0,0.0,1,0,1,0,0,5011,0
prose_cs_06,res_14,res,prose,cs,0.0,0.14,224,329,224,329,73696,5845.5049,2.105165,0.0788,0.2866,0.0788,0.7226,0.7134,0.7179,0,0,0,0,0,1104,1077
prose_en_01,res_14,res,prose,en,0.0,0.14,210,280,210,280,58800,4815.0348,1.405226,0.0,0.0,0.0,1.0,1.0,1.0,0,0,0,1,1,972,972
prose_en_02,res_14,res,prose,en,0.0,0.14,266,350,266,350,93100,3577.0954,0.50544,0.9963,0.9958,0.9963,1.0,0.0042,0.0084,0,1,1,0,0,4649,17
prose_en_03,res_14,res,prose,en,0.0,0.14,224,329,224,329,73696,4111.4136,0.572667,1.0,1.0,1.0,0.0,0.0,0.0,1,0,1,0,0,4550,0
prose_en_04,res_14,res,prose,en,0.0,0.14,238,308,238,308,73304,2367.7602,0.909266,0.7724,0.8065,0.7724,0.8077,0.1935,0.3123,0,1,1,0,0,1450,330
prose_en_05,res_14,res,prose,en,0.0,0.14,210,280,210,280,58800,1171.4197,0.499753,0.9768,0.9746,0.9768,1.0,0.0254,0.0496,0,1,1,0,0,775,18
prose_en_06,res_14,res,prose,en,0.0,0.14,266,350,266,350,93100,3131.6209,0.886753,0.0616,0.1111,0.0616,0.932,0.8889,0.91,0,0,0,0,0,2174,2057
prose_en_07,res_14,res,prose,en,0.0,0.14,224,329,224,329,73696,3363.2555,0.958063,0.4217,0.4983,0.4217,0.848,0.5017,0.6304,0,1,1,0,0,1923,1116
prose_en_08,res_14,res,prose,en,0.0,0.14,238,308,238,308,73304,6908.1783,2.023019,0.0,0.0,-0.0006,1.0,1.0,1.0,0,0,0,1,1,1606,1606
prose_en_09,res_14,res,prose,en,0.0,0.14,210,280,210,280,58800,4876.7896,0.868107,0.248,0.2803,0.248,0.9292,0.7266,0.8155,0,0,0,0,0,1895,1431
table_cs_01,res_14,res,table,cs,0.0,0.14,210,280,210,280,58800,1154.8186,0.691287,0.9039,0.9351,0.7832,0.5455,0.0779,0.1364,0,1,1,0,0,489,50
table_cs_02,res_14,res,table,cs,0.0,0.14,266,350,266,350,93100,1169.0925,1.622281,0.2322,0.3519,0.2012,0.76,0.7037,0.7308,0,0,0,0,0,323,300
table_cs_03,res_14,res,table,cs,0.0,0.14,224,329,224,329,73696,683.6744,0.877387,0.906,0.9245,0.6011,0.5714,0.0755,0.1333,0,1,1,0,0,351,37
table_cs_04,res_14,res,table,cs,0.0,0.14,238,308,238,308,73304,1417.0176,1.780947,0.3101,0.5472,0.2334,0.6327,0.5849,0.6078,0,1,1,0,0,287,264
table_cs_05,res_14,res,table,cs,0.0,0.14,210,280,210,280,58800,2596.3415,1.304456,0.3869,0.4176,0.3869,0.791,0.5824,0.6709,0,1,1,0,0,579,390
table_cs_06,res_14,res,table,cs,0.0,0.14,266,350,266,350,93100,742.0963,1.454871,0.2174,0.4595,0.2174,0.6389,0.6216,0.6301,0,0,0,0,0,207,203
table_en_01,res_14,res,table,en,0.0,0.14,238,308,238,308,73304,2036.436,2.118459,0.1862,0.2857,0.1383,0.8727,0.7619,0.8136,0,0,0,0,0,376,328
table_en_02,res_14,res,table,en,0.0,0.14,210,280,210,280,58800,1493.931,1.540749,0.4355,0.6716,0.4355,0.5366,0.3284,0.4074,0,1,1,0,0,411,238
table_en_03,res_14,res,table,en,0.0,0.14,266,350,266,350,93100,1954.8915,1.895034,0.2171,0.3152,0.2171,0.8873,0.6848,0.773,0,0,0,0,0,539,429
table_en_04,res_14,res,table,en,0.0,0.14,224,329,224,329,73696,907.2735,1.241764,0.4868,0.5581,0.4868,0.8696,0.4651,0.6061,0,1,1,0,0,265,142
table_en_05,res_14,res,table,en,0.0,0.14,238,308,238,308,73304,1016.9777,1.661513,0.6504,0.7381,0.0226,0.6875,0.2619,0.3793,0,1,1,0,0,266,97
table_en_06,res_14,res,table,en,0.0,0.14,210,280,210,280,58800,1918.8228,2.128058,0.0,0.0,0.0,1.0,1.0,1.0,0,0,0,1,1,319,319
table_en_07,res_14,res,table,en,0.0,0.14,266,350,266,350,93100,495.5969,1.167561,0.8162,0.881,0.594,0.75,0.1429,0.24,0,1,1,0,0,234,44
table_en_08,res_14,res,table,en,0.0,0.14,224,329,224,329,73696,772.0215,0.80789,0.875,0.8974,0.8194,0.6923,0.1154,0.1978,0,1,1,0,0,432,59
table_en_09,res_14,res,table,en,0.0,0.14,238,308,238,308,73304,1050.2632,1.803557,0.6126,0.7568,0.6126,0.6818,0.4054,0.5085,0,1,1,0,0,222,130
invoice_cs_01,res_12,res,invoice,cs,0.0,0.12,204,264,204,264,53856,1700.2504,1.352637,0.9689,0.9885,0.7246,0.3333,0.0115,0.0222,0,1,1,0,0,616,19
invoice_cs_02,res_12,res,invoice,cs,0.0,0.12,180,240,180,240,43200,1425.0273,1.085518,0.9844,0.9878,0.9844,0.3333,0.0122,0.0235,0,1,1,0,0,584,12
invoice_cs_03,res_12,res,invoice,cs,0.0,0.12,228,300,228,300,68400,1778.2145,1.853994,0.6704,0.9194,0.2235,0.4884,0.3387,0.4,0,1,1,0,0,449,308
invoice_cs_04,res_12,res,invoice,cs,0.0,0.12,192,282,192,282,54144,1295.07,0.95833,0.9142,0.987,0.8078,0.0833,0.013,0.0225,0,1,1,0,0,542,61
invoice_cs_05,res_12,res,invoice,cs,0.0,0.12,204,264,204,264,53856,1570.5384,1.548578,0.7773,0.8548,0.6469,0.5,0.1452,0.225,0,1,1,0,0,428,104
invoice_cs_06,res_12,res,invoice,cs,0.0,0.12,180,240,180,240,43200,996.7404,0.847368,0.9875,0.9877,0.7554,1.0,0.0123,0.0244,0,1,1,0,0,566,7
invoice_en_01,res_12,res,invoice,en,0.0,0.12,192,282,192,282,54144,2549.3106,1.651528,0.3679,0.5102,0.3663,0.6957,0.4898,0.5749,0,1,1,0,0,653,433
invoice_en_02,res_12,res,invoice,en,0.0,0.12,204,264,204,264,53856,2141.0142,1.33287,0.636,0.7901,0.5797,0.7679,0.5309,0.6277,0,1,1,0,0,539,378
invoice_en_03,res_12,res,invoice,en,0.0,0.12,180,240,180,240,43200,958.795,0.6382,0.9882,0.989,0.9882,1.0,0.011,0.0217,0,1,1,0,0,601,7
invoice_en_04,res_12,res,invoice,en,0.0,0.12,228,300,228,300,68400,1001.4107,1.204062,0.9547,0.9744,0.9547,0.4,0.0256,0.0482,0,1,1,0,0,514,25
invoice_en_05,res_12,res,invoice,en,0.0,0.12,192,282,192,282,54144,1495.5563,1.205598,0.9235,0.9545,0.8191,0.4444,0.0455,0.0825,0,1,1,0,0,581,47
invoice_en_06,res_12,res,invoice,en,0.0,0.12,204,264,204,264,53856,782.02,0.564664,0.9754,0.977,0.8363,1.0,0.023,0.0449,0,1,1,0,0,574,14
invoice_en_07,res_12,res,invoice,en,0.0,0.12,180,240,180,240,43200,974.9553,0.600929,0.9891,0.9898,0.9891,1.0,0.0102,0.0202,0,1,1,0,0,651,7
invoice_en_08,res_12,res,invoice,en,0.0,0.12,228,300,228,300,68400,1543.7614,1.370189,0.7145,0.8462,0.7145,0.4872,0.2088,0.2923,0,1,1,0,0,612,235
invoice_en_09,res_12,res,invoice,en,0.0,0.12,192,282,192,282,54144,1213.5335,1.192269,0.9073,0.9437,0.9052,0.5556,0.0704,0.125,0,1,1,0,0,470,52
mixed_cs_01,res_12,res,mixed,cs,0.0,0.12,192,282,192,282,54144,2283.7141,1.618976,0.5355,0.7262,0.5321,0.4902,0.2976,0.3704,0,1,1,0,0,577,304
mixed_cs_02,res_12,res,mixed,cs,0.0,0.12,204,264,204,264,53856,1306.0531,0.787157,0.9756,0.9787,0.7338,1.0,0.0213,0.0417,0,1,1,0,0,616,15
mixed_cs_03,res_12,res,mixed,cs,0.0,0.12,180,240,180,240,43200,2044.5089,0.812264,0.9713,0.971,0.9713,0.6667,0.029,0.0556,0,1,1,0,0,871,25
mixed_cs_04,res_12,res,mixed,cs,0.0,0.12,228,300,228,300,68400,745.3612,0.630535,1.0,1.0,0.8516,0.0,0.0,0.0,1,0,1,0,0,775,0
mixed_cs_05,res_12,res,mixed,cs,0.0,0.12,192,282,192,282,54144,1025.3836,0.740609,1.0,1.0,1.0,0.0,0.0,0.0,1,0,1,0,0,669,0
mixed_cs_06,res_12,res,mixed,cs,0.0,0.12,204,264,204,264,53856,936.5962,0.42815,1.0,1.0,1.0,0.0,0.0,0.0,1,0,1,0,0,868,0
mixed_en_01,res_12,res,mixed,en,0.0,0.12,228,300,228,300,68400,551.4079,0.512638,1.0,1.0,0.9787,0.0,0.0,0.0,1,0,1,0,0,751,0
mixed_en_02,res_12,res,mixed,en,0.0,0.12,192,282,192,282,54144,2100.3596,1.363495,0.5997,0.6726,0.5997,0.8723,0.3628,0.5125,0,1,1,0,0,682,289
mixed_en_03,res_12,res,mixed,en,0.0,0.12,204,264,204,264,53856,865.7626,0.748777,1.0,1.0,0.8135,0.0,0.0,0.0,1,0,1,0,0,740,0
mixed_en_04,res_12,res,mixed,en,0.0,0.12,180,240,180,240,43200,1334.4602,0.876865,1.0,1.0,1.0,0.0,0.0,0.0,1,0,1,0,0,661,0
mixed_en_05,res_12,res,mixed,en,0.0,0.12,228,300,228,300,68400,700.7196,0.527674,1.0,1.0,0.8107,0.0,0.0,0.0,1,0,1,0,0,882,0
mixed_en_06,res_12,res,mixed,en,0.0,0.12,192,282,192,282,54144,1057.574,0.895986,0.9677,0.97,0.9677,0.75,0.03,0.0577,0,1,1,0,0,619,22
mixed_en_07,res_12,res,mixed,en,0.0,0.12,204,264,204,264,53856,1699.1253,1.105488,0.7768,0.8197,0.7768,0.8889,0.1967,0.3221,0,1,1,0,0,802,189
mixed_en_08,res_12,res,mixed,en,0.0,0.12,180,240,180,240,43200,2757.4686,1.948077,0.1555,0.2308,0.0116,0.9831,0.8923,0.9355,0,0,0,0,0,431,405
mixed_en_09,res_12,res,mixed,en,0.0,0.12,228,300,228,300,68400,1034.3646,0.652671,0.9848,0.9929,0.8652,0.5,0.0071,0.0141,0,1,1,0,0,920,14
prose_cs_01,res_12,res,prose,cs,0.0,0.12,228,300,228,300,68400,2917.7533,1.077583,0.9517,0.9705,0.9517,0.3478,0.0295,0.0544,0,1,1,0,0,1864,152
prose_cs_02,res_12,res,prose,cs,0.0,0.12,192,282,192,282,54144,2746.5091,0.704319,1.0,1.0,1.0,0.0,0.0,0.0,1,0,1,0,0,2206,0
prose_cs_03,res_12,res,prose,cs,0.0,0.12,204,264,204,264,53856,1610.6024,0.47798,1.0,1.0,1.0,0.0,0.0,0.0,1,0,1,0,0,1709,0
prose_cs_04,res_12,res,prose,cs,0.0,0.12,180,240,180,240,43200,1539.8207,1.123977,0.9551,0.939,0.9551,1.0,0.061,0.1149,0,1,1,0,0,602,27
prose_cs_05,res_12,res,prose,cs,0.0,0.12,228,300,228,300,68400,3462.57,0.579,1.0,1.0,1.0,0.0,0.0,0.0,1,0,1,0,0,5011,0
prose_cs_06,res_12,res,prose,cs,0.0,0.12,192,282,192,282,54144,4716.7435,1.698659,0.5344,0.7962,0.5344,0.3667,0.2102,0.2672,0,1,1,0,0,1104,584
prose_en_01,res_12,res,prose,en,0.0,0.12,180,240,180,240,43200,3735.0113,1.090031,0.3128,0.3642,0.3128,0.8889,0.6358,0.7413,0,1,1,0,0,972,675
prose_en_02,res_12,res,prose,en,0.0,0.12,228,300,228,300,68400,3383.9002,0.478142,0.9963,0.9958,0.9963,1.0,0.0042,0.0084,0,1,1,0,0,4649,17
prose_en_03,res_12,res,prose,en,0.0,0.12,192,282,192,282,54144,4250.3038,0.592012,1.0,1.0,1.0,0.0,0.0,0.0,1,0,1,0,0,4550,0
prose_en_04,res_12,res,prose,en,0.0,0.12,204,264,204,264,53856,2092.5944,0.803597,0.9869,0.9862,0.9869,1.0,0.0138,0.0273,0,1,1,0,0,1450,19
prose_en_05,res_12,res,prose,en,0.0,0.12,180,240,180,240,43200,1111.909,0.474364,1.0,1.0,1.0,0.0,0.0,0.0,1,0,1,0,0,775,0
prose_en_06,res_12,res,prose,en,0.0,0.12,228,300,228,300,68400,2556.025,0.723767,0.9195,0.9228,0.9195,0.8333,0.0772,0.1412,0,1,1,0,0,2174,175
prose_en_07,res_12,res,prose,en,0.0,0.12,192,282,192,282,54144,2746.6092,0.782404,0.9901,0.9965,0.9901,0.3333,0.0035,0.0068,0,1,1,0,0,1923,19
prose_en_08,res_12,res,prose,en,0.0,0.12,204,264,204,264,53856,5599.7744,1.639861,0.0579,0.098,0.0573,0.9325,0.902,0.917,0,0,0,0,0,1606,1544
prose_en_09,res_12,res,prose,en,0.0,0.12,180,240,180,240,43200,3999.7736,0.711992,0.9567,0.9654,0.9567,0.7857,0.0381,0.0726,0,1,1,0,0,1895,82
table_cs_01,res_12,res,table,cs,0.0,0.12,180,240,180,240,43200,972.2891,0.582023,0.9796,1.0,0.8589,0.0,0.0,0.0,0,1,1,0,0,489,14
table_cs_02,res_12,res,table,cs,0.0,0.12,228,300,228,300,68400,975.716,1.353944,0.5015,0.7593,0.4706,0.4333,0.2407,0.3095,0,1,1,0,0,323,179
table_cs_03,res_12,res,table,cs,0.0,0.12,192,282,192,282,54144,627.8148,0.8057,0.9858,1.0,0.6809,0.0,0.0,0.0,0,1,1,0,0,351,6
table_cs_04,res_12,res,table,cs,0.0,0.12,204,264,204,264,53856,1197.5337,1.505094,0.7631,0.8868,0.6864,0.5,0.1509,0.2319,0,1,1,0,0,287,90
table_cs_05,res_12,res,table,cs,0.0,0.12,180,240,180,240,43200,2103.7068,1.056946,0.7599,0.8242,0.7599,0.5714,0.1758,0.2689,0,1,1,0,0,579,148
table_cs_06,res_12,res,table,cs,0.0,0.12,228,300,228,300,68400,618.2579,1.212087,0.7585,0.8919,0.7585,0.4167,0.1351,0.2041,0,1,1,0,0,207,67
table_en_01,res_12,res,table,en,0.0,0.12,204,264,204,264,53856,1642.0216,1.708159,0.7606,0.8571,0.7128,0.5,0.1429,0.2222,0,1,1,0,0,376,94
table_en_02,res_12,res,table,en,0.0,0.12,180,240,180,240,43200,1250.7608,1.289958,0.9538,0.9701,0.9538,0.5,0.0299,0.0563,0,1,1,0,0,411,19
table_en_03,res_12,res,table,en,0.0,0.12,228,300,228,300,68400,1584.4922,1.535976,0.7885,0.8913,0.7885,0.5455,0.1304,0.2105,0,1,1,0,0,539,128
table_en_04,res_12,res,table,en,0.0,0.12,192,282,192,282,54144,739.9883,1.012805,0.8528,0.907,0.8528,0.5,0.093,0.1569,0,1,1,0,0,265,40
table_en_05,res_12,res,table,en,0.0,0.12,204,264,204,264,53856,887.6507,1.450222,0.8872,0.9286,0.2594,0.6,0.0714,0.1277,0,1,1,0,0,266,30
table_en_06,res_12,res,table,en,0.0,0.12,180,240,180,240,43200,1632.2426,1.810228,0.3605,0.3846,0.3605,0.9412,0.6154,0.7442,0,1,1,0,0,319,204
table_en_07,res_12,res,table,en,0.0,0.12,228,300,228,300,68400,410.3569,0.966747,1.0,1.0,0.7778,0.0,0.0,0.0,1,0,1,0,0,234,0
table_en_08,res_12,res,table,en,0.0,0.12,192,282,192,282,54144,664.703,0.695586,1.0,1.0,0.9444,0.0,0.0,0.0,1,0,1,0,0,432,0
table_en_09,res_12,res,table,en,0.0,0.12,204,264,204,264,53856,845.7879,1.452423,0.6847,0.8108,0.6847,0.5714,0.2162,0.3137,0,1,1,0,0,222,84
invoice_cs_01,res_10,res,invoice,cs,0.0,0.1,170,220,170,220,37400,1513.8131,1.204317,1.0,1.0,0.7557,0.0,0.0,0.0,1,0,1,0,0,616,0
invoice_cs_02,res_10,res,invoice,cs,0.0,0.1,150,200,150,200,30000,1237.6139,0.942756,0.9879,0.9878,0.9879,1.0,0.0122,0.0241,0,1,1,0,0,584,7
invoice_cs_03,res_10,res,invoice,cs,0.0,0.1,190,250,190,250,47500,1416.2421,1.476596,0.9571,1.0,0.5102,0.0,0.0,0.0,0,1,1,0,0,449,21
invoice_cs_04,res_10,res,invoice,cs,0.0,0.1,160,235,160,235,37600,1109.6847,0.821148,1.0,1.0,0.8937,0.0,0.0,0.0,0,1,1,0,0,542,6
invoice_cs_05,res_10,res,invoice,cs,0.0,0.1,170,220,170,220,37400,1387.9749,1.368568,0.9502,1.0,0.8199,0.0,0.0,0.0,0,1,1,0,0,428,33
invoice_cs_06,res_10,res,invoice,cs,0.0,0.1,150,200,150,200,30000,879.5085,0.747705,1.0,1.0,0.7679,0.0,0.0,0.0,1,0,1,0,0,566,0
invoice_en_01,res_10,res,invoice,en,0.0,0.1,160,235,160,235,37600,2066.4234,1.338698,0.9521,0.9694,0.9505,0.6,0.0306,0.0583,0,1,1,0,0,653,33
invoice_en_02,res_10,res,invoice,en,0.0,0.1,170,220,170,220,37400,1723.1688,1.072744,0.9625,0.9877,0.9062,0.2,0.0123,0.0233,0,1,1,0,0,539,22
invoice_en_03,res_10,res,invoice,en,0.0,0.1,150,200,150,200,30000,936.0618,0.623068,1.0,1.0,1.0,0.0,0.0,0.0,1,0,1,0,0,601,0
invoice_en_04,res_10,res,invoice,en,0.0,0.1,190,250,190,250,47500,875.3398,1.052479,0.9724,0.9744,0.9724,1.0,0.0256,0.05,0,1,1,0,0,514,14
invoice_en_05,res_10,res,invoice,en,0.0,0.1,160,235,160,235,37600,1166.2683,0.940152,1.0,1.0,0.8957,0.0,0.0,0.0,1,0,1,0,0,581,0
invoice_en_06,res_10,res,invoice,en,0.0,0.1,170,220,170,220,37400,716.5339,0.51738,1.0,1.0,0.8609,0.0,0.0,0.0,1,0,1,0,0,574,0
invoice_en_07,res_10,res,invoice,en,0.0,0.1,150,200,150,200,30000,948.6305,0.584704,1.0,1.0,1.0,0.0,0.0,0.0,1,0,1,0,0,651,0
invoice_en_08,res_10,res,invoice,en,0.0,0.1,190,250,190,250,47500,1260.1394,1.118456,0.9785,0.989,0.9785,0.3333,0.011,0.0213,0,1,1,0,0,612,15
invoice_en_09,res_10,res,invoice,en,0.0,0.1,160,235,160,235,37600,959.5797,0.942765,1.0,1.0,0.9978,0.0,0.0,0.0,1,0,1,0,0,470,0
mixed_cs_01,res_10,res,mixed,cs,0.0,0.1,160,235,160,235,37600,1860.7343,1.319116,0.9809,1.0,0.9775,0.0,0.0,0.0,0,1,1,0,0,577,17
mixed_cs_02,res_10,res,mixed,cs,0.0,0.1,170,220,170,220,37400,1156.8779,0.697249,1.0,1.0,0.7581,0.0,0.0,0.0,1,0,1,0,0,616,0
mixed_cs_03,res_10,res,mixed,cs,0.0,0.1,150,200,150,200,30000,1781.383,0.707727,0.9989,1.0,0.9989,0.0,0.0,0.0,0,1,1,0,0,871,1
mixed_cs_04,res_10,res,mixed,cs,0.0,0.1,190,250,190,250,47500,801.4879,0.678015,1.0,1.0,0.8516,0.0,0.0,0.0,1,0,1,0,0,775,0
mixed_cs_05,res_10,res,mixed,cs,0.0,0.1,160,235,160,235,37600,972.8206,0.702644,1.0,1.0,1.0,0.0,0.0,0.0,1,0,1,0,0,669,0
mixed_cs_06,res_10,res,mixed,cs,0.0,0.1,170,220,170,220,37400,897.3749,0.410221,1.0,1.0,1.0,0.0,0.0,0.0,1,0,1,0,0,868,0
mixed_en_01,res_10,res,mixed,en,0.0,0.1,190,250,190,250,47500,556.6317,0.517494,1.0,1.0,0.9787,0.0,0.0,0.0,1,0,1,0,0,751,0
mixed_en_02,res_10,res,mixed,en,0.0,0.1,160,235,160,235,37600,1820.6787,1.181934,0.9648,0.9735,0.9648,0.6,0.0265,0.0508,0,1,1,0,0,682,25
mixed_en_03,res_10,res,mixed,en,0.0,0.1,170,220,170,220,37400,879.167,0.76037,1.0,1.0,0.8135,0.0,0.0,0.0,1,0,1,0,0,740,0
mixed_en_04,res_10,res,mixed,en,0.0,0.1,150,200,150,200,30000,1139.133,0.748517,1.0,1.0,1.0,0.0,0.0,0.0,1,0,1,0,0,661,0
mixed_en_05,res_10,res,mixed,en,0.0,0.1,190,250,190,250,47500,732.7222,0.551773,1.0,1.0,0.8107,0.0,0.0,0.0,1,0,1,0,0,882,0
mixed_en_06,res_10,res,mixed,en,0.0,0.1,160,235,160,235,37600,1048.739,0.888501,1.0,1.0,1.0,0.0,0.0,0.0,1,0,1,0,0,619,0
mixed_en_07,res_10,res,mixed,en,0.0,0.1,170,220,170,220,37400,1547.6533,1.006937,1.0,1.0,1.0,0.0,0.0,0.0,1,0,1,0,0,802,0
mixed_en_08,res_10,res,mixed,en,0.0,0.1,150,200,150,200,30000,2021.89,1.428411,0.8817,0.9385,0.7378,0.3333,0.0769,0.125,0,1,1,0,0,431,84
mixed_en_09,res_10,res,mixed,en,0.0,0.1,190,250,190,250,47500,1077.946,0.68017,1.0,1.0,0.8804,0.0,0.0,0.0,1,0,1,0,0,920,0
prose_cs_01,res_10,res,prose,cs,0.0,0.1,190,250,190,250,47500,2452.4654,0.905743,1.0,1.0,1.0,0.0,0.0,0.0,1,0,1,0,0,1864,0
prose_cs_02,res_10,res,prose,cs,0.0,0.1,160,235,160,235,37600,2718.1081,0.697036,1.0,1.0,1.0,0.0,0.0,0.0,0,1,1,0,0,2206,1
prose_cs_03,res_10,res,prose,cs,0.0,0.1,170,220,170,220,37400,1697.3854,0.503735,1.0,1.0,1.0,0.0,0.0,0.0,1,0,1,0,0,1709,0
prose_cs_04,res_10,res,prose,cs,0.0,0.1,150,200,150,200,30000,1515.1147,1.105943,1.0,1.0,1.0,0.0,0.0,0.0,1,0,1,0,0,602,0
prose_cs_05,res_10,res,prose,cs,0.0,0.1,190,250,190,250,47500,3786.5583,0.633177,1.0,1.0,1.0,0.0,0.0,0.0,1,0,1,0,0,5011,0
prose_cs_06,res_10,res,prose,cs,0.0,0.1,160,235,160,235,37600,3707.9011,1.335341,0.9928,1.0,0.9928,0.0,0.0,0.0,0,1,1,0,0,1104,9
prose_en_01,res_10,res,prose,en,0.0,0.1,150,200,150,200,30000,2818.2907,0.822494,0.9969,0.9934,0.9969,1.0,0.0066,0.0132,0,1,1,0,0,972,3
prose_en_02,res_10,res,prose,en,0.0,0.1,190,250,190,250,47500,3695.4959,0.52217,1.0,1.0,1.0,0.0,0.0,0.0,1,0,1,0,0,4649,0
prose_en_03,res_10,res,prose,en,0.0,0.1,160,235,160,235,37600,4812.5858,0.670331,1.0,1.0,1.0,0.0,0.0,0.0,1,0,1,0,0,4550,0
prose_en_04,res_10,res,prose,en,0.0,0.1,170,220,170,220,37400,1982.2731,0.761232,1.0,1.0,1.0,0.0,0.0,0.0,1,0,1,0,0,1450,0
prose_en_05,res_10,res,prose,en,0.0,0.1,150,200,150,200,30000,1117.8866,0.476915,1.0,1.0,1.0,0.0,0.0,0.0,0,1,1,0,0,775,1
prose_en_06,res_10,res,prose,en,0.0,0.1,190,250,190,250,47500,2373.6131,0.672115,0.9922,0.9907,0.9922,1.0,0.0093,0.0183,0,1,1,0,0,2174,17
prose_en_07,res_10,res,prose,en,0.0,0.1,160,235,160,235,37600,2864.2218,0.815908,1.0,1.0,1.0,0.0,0.0,0.0,1,0,1,0,0,1923,0
prose_en_08,res_10,res,prose,en,0.0,0.1,170,220,170,220,37400,4568.2697,1.337791,0.9078,0.9265,0.9072,0.6667,0.0735,0.1324,0,1,1,0,0,1606,148
prose_en_09,res_10,res,prose,en,0.0,0.1,150,200,150,200,30000,3814.3271,0.678981,1.0,1.0,1.0,0.0,0.0,0.0,1,0,1,0,0,1895,0
table_cs_01,res_10,res,table,cs,0.0,0.1,150,200,150,200,30000,850.1252,0.508894,1.0,1.0,0.8793,0.0,0.0,0.0,1,0,1,0,0,489,0
table_cs_02,res_10,res,table,cs,0.0,0.1,190,250,190,250,47500,772.9742,1.072611,0.9721,1.0,0.9412,0.0,0.0,0.0,0,1,1,0,0,323,9
table_cs_03,res_10,res,table,cs,0.0,0.1,160,235,160,235,37600,549.5772,0.705294,1.0,1.0,0.6952,0.0,0.0,0.0,1,0,1,0,0,351,0
table_cs_04,res_10,res,table,cs,0.0,0.1,170,220,170,220,37400,1008.2478,1.267194,0.9756,1.0,0.899,0.0,0.0,0.0,0,1,1,0,0,287,8
table_cs_05,res_10,res,table,cs,0.0,0.1,150,200,150,200,30000,1732.467,0.870427,0.9914,1.0,0.9914,0.0,0.0,0.0,0,1,1,0,0,579,6
table_cs_06,res_10,res,table,cs,0.0,0.1,190,250,190,250,47500,504.9758,0.989999,0.9758,1.0,0.9758,0.0,0.0,0.0,0,1,1,0,0,207,9
table_en_01,res_10,res,table,en,0.0,0.1,170,220,170,220,37400,1353.6582,1.408181,1.0,1.0,0.9521,0.0,0.0,0.0,0,1,1,0,0,376,2
table_en_02,res_10,res,table,en,0.0,0.1,150,200,150,200,30000,1084.0986,1.118073,1.0,1.0,1.0,0.0,0.0,0.0,1,0,1,0,0,411,0
table_en_03,res_10,res,table,en,0.0,0.1,190,250,190,250,47500,1212.7111,1.175579,0.9907,1.0,0.9907,0.0,0.0,0.0,0,1,1,0,0,539,5
table_en_04,res_10,res,table,en,0.0,0.1,160,235,160,235,37600,654.644,0.895996,1.0,1.0,1.0,0.0,0.0,0.0,0,1,1,0,0,265,4
table_en_05,res_10,res,table,en,0.0,0.1,170,220,170,220,37400,759.4942,1.240843,1.0,1.0,0.3722,0.0,0.0,0.0,0,1,1,0,0,266,1
table_en_06,res_10,res,table,en,0.0,0.1,150,200,150,200,30000,1340.8204,1.487028,0.8966,0.9423,0.8966,0.5,0.0769,0.1333,0,1,1,0,0,319,37
table_en_07,res_10,res,table,en,0.0,0.1,190,250,190,250,47500,341.4726,0.804465,1.0,1.0,0.7778,0.0,0.0,0.0,0,1,1,0,0,234,4
table_en_08,res_10,res,table,en,0.0,0.1,160,235,160,235,37600,595.9457,0.623634,1.0,1.0,0.9444,0.0,0.0,0.0,1,0,1,0,0,432,0
table_en_09,res_10,res,table,en,0.0,0.1,170,220,170,220,37400,774.5784,1.330139,0.9054,0.9189,0.9054,1.0,0.0811,0.15,0,1,1,0,0,222,21
